YEARMODA,TEMP,DEWP,SLP,STP,VISIB,WDSP,MXSPD,GUST,MAX,MIN,PRCP,SNDP,FRSHTT
20140101,49.1,36,1022.2,997.6,9.7,3,8,15.9,69.1,36,0.00G,999.9,0
20140102,47.5,30.7,1026.3,1001.4,10,6.4,13,22.9,69.1,35.1,0.00G,999.9,0
20140103,40.6,20.9,1030.1,1005.2,10,2.6,8,17.1,57.9,28,0.00G,999.9,0
20140104,53.8,40.7,1017.2,993,9.9,5.6,12,22,71.1,28,0.00G,999.9,0
20140105,51.8,37.2,1016.7,991.9,9.8,8.6,17.1,28.9,71.1,37.9,0.00G,999.9,0
20140106,31.3,9.4,1036.3,1011,10,7.2,14,24.1,41.0*,21.9*,0.00G,999.9,0
20140107,33,9.2,1036.4,1010.8,10,2.8,8,15,48,21.9,0.00G,999.9,0
20140108,45.1,35.4,1026.7,1000.2,4.6,2.5,8,999.9,53.1*,39.9*,0.02G,999.9,10000
20140109,56.9,53,1019.3,996.1,3.2,1.1,7,999.9,70,39.9,0.14G,999.9,110000
20140110,65.7,60.4,1013.4,989.8,9.2,5.7,8.9,17.1,72,53.1,0.01G,999.9,10000
20140111,62.4,42.8,1014.8,991.6,9.2,3.1,9.9,15.9,75,48.9,0.09G,999.9,0
20140112,55.3,40.6,1018.1,994.3,10,2.3,9.9,15.9,75,46,0.00G,999.9,10000
20140113,64,41.8,1015,991.4,9.5,6.7,13,22,71.1,46,0.01G,999.9,10000
20140114,54.2,25.2,1019.2,995.3,10,3,8,15,75.9,37,0.00G,999.9,0
20140115,53,22,1027.5,1003.4,10,5.9,11.1,20,75.9,37,0.00G,999.9,0
20140116,53.6,26.8,1020.4,996.3,10,2.3,9.9,15.9,72,39.9,0.00G,999.9,0
20140117,56.7,21.9,1024.6,1000.6,9.9,5.2,8.9,17.1,72,39.9,0.00G,999.9,0
20140118,51,28.4,1023.4,999.2,10,1.9,8,15.9,70,37,0.00G,999.9,0
20140119,57.4,32.9,1023.4,999.5,10,2.2,6,999.9,72,37,0.00G,999.9,0
20140120,60.5,37,1016.6,992.9,10,2.3,8.9,15.9,82,45,0.00G,999.9,0
20140121,58.6,23,1024.6,1000.9,10,7.1,12,22.9,82,46,0.00G,999.9,0
20140122,49.9,25.5,1021.5,997.3,10,2.6,7,999.9,70,37,0.00G,999.9,0
20140123,48.3,33.6,1023,999.4,9.4,5.9,14,26,70,32,0.00G,999.9,11000
20140124,30.6,17.3,1038.7,1013.3,8.7,6.8,14,24.1,37.9*,26.1*,0.11G,999.9,11000
20140125,41,24.1,1025.3,1000.3,9.9,1.4,8,999.9,70,26.1,0.05G,999.9,0
20140126,57.7,37.1,1012.9,989.1,10,2.4,7,15.9,75.9*,44.1*,0.00G,999.9,0
20140127,53.4,30.7,1014.6,991,10,6.5,14,28,75.9,43,0.00G,999.9,0
20140128,33.9,14.1,1027.4,1002.6,10,7,12,18.1,44.1*,27.0*,0.03G,999.9,11000
20140129,35.6,11.7,1031.3,1005.9,10,3.1,8.9,15,48.9,27,0.04G,999.9,0
20140130,44,27.8,1021.1,996.5,10,6.4,9.9,22.9,64.9,27,0.00G,999.9,0
20140131,63.4,51.6,1011.8,988.5,10,7.3,12,21,79.0*,55.0*,0.00G,999.9,0
20140201,69.8,59.5,1009,986,10,6.5,11.1,22,80.1,55,0.00G,999.9,10000
20140202,48.7,39.6,1015.4,991.9,8.5,8.5,12,22.9,73.0*,37.4*,0.00G,999.9,10000
20140203,38.3,30.6,1023.2,998.4,7.8,6.2,14,25.1,55,34,0.02G,999.9,0
20140204,47.5,40.1,1014.8,990.4,6.6,2.8,8,999.9,64,34,0.13G,999.9,10000
20140205,44.3,31.7,1024.6,1000.2,10,7,13,21,64,37.9,0.02G,999.9,0
20140206,30,15,1032.2,1006.9,10,7.4,11.1,20,48,26.1,0.00G,999.9,0
20140207,31.4,20.1,1029,1003,8.2,3.8,7,999.9,37.9,28.9,0.00G,999.9,0
20140208,44.6,33.5,1022.6,998.1,6.5,2.9,12,15.9,64.9,28.9,0.00G,999.9,0
20140209,52.8,43.2,1017.9,993.9,5.9,4.8,8.9,18.1,75.9,37,0.00G,999.9,100000
20140210,48.1,40.9,1019.3,995.3,8.3,6.6,9.9,19,75.9,39,0.00G,999.9,10000
20140211,35.2,29.5,1023.6,998.9,5.3,7.3,9.9,18.1,37.9*,33.8*,0.00G,999.9,10000
20140212,39.2,28,1022.9,998.3,8.2,6,12,19,57,33.1,0.10G,999.9,10000
20140213,48,32.8,1017.9,993.6,10,2.5,8,15,69.1,32,0.00G,999.9,0
20140214,61.5,38.9,1012.4,988.7,9.9,4.7,14,22.9,86,46.9,0.00G,999.9,0
20140215,60.7,29.4,1018.8,995.2,10,4.2,9.9,18.1,86,42.1,0.00G,999.9,0
20140216,64.4,54.4,1016.8,993.1,6.5,4.3,8.9,18.1,73.9*,59.0*,0.00G,999.9,100000
20140217,70.3,54.4,1015.5,992.5,7.7,5.1,11.1,19,81,59,0.00G,999.9,0
20140218,67,44.1,1017,993.6,9.9,3,8,17.1,82,55,0.00G,999.9,0
20140219,69.3,60.3,1011.4,988.6,8.9,5.5,11.1,19,82,55,0.00G,999.9,0
20140220,72.2,55.3,1008.4,985.4,9.5,7,12,22,82.9,63,0.00G,999.9,0
20140221,58.4,27.2,1019.4,995.9,10,5,11.1,19,82.9,41,0.00G,999.9,0
20140222,59.7,37.8,1015.8,992.2,10,4.8,9.9,18.1,77,41,0.00G,999.9,0
20140223,71,56.8,1012.6,989.8,9.7,3.1,8,999.9,86.0*,64.0*,0.00G,999.9,0
20140224,64.8,48.1,1017.2,993.9,9.9,4.4,9.9,17.1,86,55,0.00G,999.9,0
20140225,65.3,60.2,1015.3,992.2,4.9,3.9,6,999.9,75.9,55,0.00G,999.9,10000
20140226,45.5,36.5,1020.4,996.5,7.1,8.1,13,26,55.9*,37.9*,0.06G,999.9,10000
20140227,42.1,25.2,1021.3,996.6,10,2.1,8,15,59,30.9,0.05G,999.9,0
20140228,56.5,40.8,1011.7,987.8,9.6,5.7,8.9,15.9,80.1,30.9,0.00G,999.9,0
20140301,64.2,53.9,1012.2,989.3,7.6,3.1,12,20,80.1,44.1,0.00G,999.9,100000
20140302,60.2,53.2,1014.9,991.8,7.7,7.8,14,25.1,82,30.9,0.00G,999.9,10000
20140303,31.4,18.3,1027.3,1001.8,10,9.8,13,25.1,46.9*,24.1*,0.08G,999.9,0
20140304,36.1,28.5,1023.1,998.7,7.9,4.5,8.9,15,50,24.1,0.25G,999.9,11010
20140305,43.5,37.3,1017.7,993.1,7.7,3.1,6,999.9,53.1,30,0.17G,999.9,0
20140306,50.9,39.5,1021.7,997.5,7.3,3.8,8.9,15.9,64.9,37.9,0.00G,999.9,0
20140307,51.8,39.3,1016.9,992.9,9.3,3.8,8.9,19,66.9,39,0.00G,999.9,0
20140308,56.2,50.7,1013.7,991.6,5.7,4.7,9.9,17.1,66.9,39,0.00G,999.9,10010
20140309,45.6,38,1025.8,1001.1,7.7,5.2,12,17.1,59,39,0.85G,999.9,10010
20140310,57.4,48.7,1020.4,996.6,9.7,1.7,7,14,71.1,39,0.11G,999.9,0
20140311,64.2,54.7,1008,985.5,9,4.5,11.1,17.1,82.9,50,0.01G,999.9,10000
20140312,60.6,35.1,1015.8,992.4,10,9.7,17.1,33,82.9,48.9,0.00G,999.9,0
20140313,54.6,23.5,1025.4,1001.3,10,3.5,8,999.9,70,37,0.00G,999.9,0
20140314,59.3,45.6,1018,994.3,10,4.8,8,15.9,75,37,0.00G,999.9,0
20140315,65.6,60.9,1012.1,988.8,6,4.5,8,14,75,48.9,0.00G,999.9,110000
20140316,60.5,48.8,1010.5,987.1,10,7,17.1,28.9,73.9,53.1,0.07G,999.9,0
20140317,52.5,26.7,1015.7,991.8,10,5.9,12,26,68,41,0.00G,999.9,0
20140318,61.4,37.1,1007.2,983.7,10,7,11.1,21,82.9,41,0.00G,999.9,0
20140319,63.6,39.4,1015.9,992.4,9.4,6.7,13,22,82.9,46.9,0.00G,999.9,0
20140320,59,35.5,1021.9,998,10,1.6,6,999.9,75.9,42.1,0.00G,999.9,0
20140321,64.5,48.8,1014.4,991.1,9.1,4.5,11.1,22.9,80.1,42.1,0.00G,999.9,100000
20140322,69.1,61.6,1013,989.9,7.8,4.1,8.9,15.9,80.1,54,0.00G,999.9,0
20140323,58.2,46.2,1019.8,996.8,10,7.4,14,24.1,77,46.9,0.00G,999.9,0
20140324,55,40.4,1021.4,997.4,10,3.9,6,999.9,66,46.9,0.00G,999.9,0
20140325,56.7,40.8,1023.2,999.3,9.8,3.5,8.9,17.1,69.1,44.1,0.00G,999.9,0
20140326,59.1,42.1,1020.6,996.5,9.8,7.2,15,27,69.1,44.1,0.00G,999.9,10000
20140327,66.4,60.2,1011.3,987.6,7.5,7.5,11.1,25.1,82,54,0.01G,999.9,10000
20140328,74.5,62.7,1007.9,984.9,8.5,4.4,15,24.1,89.1,61,99.99,999.9,10010
20140329,65.8,43.2,1019.7,996.4,10,5.3,8,15,89.1,51.1,0.00G,999.9,0
20140330,63,40.5,1021.4,997.8,10,4.5,13,22,79,45,0.00G,999.9,0
20140331,68.4,54.8,1014,990.9,10,8.7,15,24.1,84.0*,60.1*,0.00G,999.9,0
20140401,73.7,62.6,1012.6,989.8,8.9,6.8,11.1,21,86,60.1,0.00G,999.9,0
20140402,75.1,66,1009,986.4,9,8.5,13,24.1,86,66,0.00G,999.9,10000
20140403,75.5,67.2,1006.3,983.9,8.3,7.6,9.9,21,82,70,0.00G,999.9,0
20140404,67,42.6,1014.9,991.2,8.8,6.9,13,21,82,54,0.00G,999.9,10000
20140405,59.5,35.5,1016.8,993.2,10,3.7,7,999.9,73.9,54,0.00G,999.9,0
20140406,56.3,47.5,1010.3,986.3,7.9,4.3,7,999.9,63.0*,51.8*,0.10G,999.9,10010
20140407,57.8,47.9,1011.4,987.5,10,2.1,8,15.9,72,52,0.10G,999.9,10010
20140408,60.3,40.9,1019.5,995.6,9.7,7.8,13,49,77,50,0.27G,999.9,10010
20140409,63.8,40.2,1022.1,998.5,10,3.5,8.9,18.1,84,45,0.00G,999.9,0
20140410,70.9,51.6,1016.9,993.8,10,7.8,14,25.1,87.1,45,0.00G,999.9,0
20140411,71.1,57.4,1014.5,991.7,9.9,7.3,12,22,87.1,57,0.00G,999.9,0
20140412,73.3,60.7,1012.7,990.1,10,8.3,13,24.1,84.9,61,0.00G,999.9,0
20140413,72.3,64.1,1008.2,985.5,9.7,6.6,11.1,25.1,84.9,64.9,0.00G,999.9,0
20140414,64,54.9,1010.3,987,8.1,8.1,15,33,77.0*,43.0*,0.00G,999.9,110010
20140415,52.1,25.8,1025.3,1001.1,10,4.4,12,19,73,39,1.34G,999.9,0
20140416,55.5,36.1,1019.2,995.3,10,4.2,13,19,73,39,0.00G,999.9,0
20140417,60.7,52.7,1016.2,993.4,9.3,5.4,11.1,19,66.0*,55.9*,0.00G,999.9,10000
20140418,65.2,57.8,1020.9,997.6,5.3,1.6,7,999.9,78.1,55.9,0.07G,999.9,10000
20140419,66.3,53.3,1020,996.6,9.3,2.9,8,15,78.1,54,0.01G,999.9,0
20140420,68,58.6,1018.8,995.7,8.9,5.2,8.9,15.9,78.1,54,0.00G,999.9,0
20140421,71.5,61.1,1016.1,993.2,9.2,5.1,8,15.9,84,61,0.00G,999.9,0
20140422,75,60.1,1014.8,991.8,10,3.7,8.9,22,87.1,63,0.01G,999.9,10010
20140423,73.8,59.5,1011.7,988.9,10,3.5,9.9,18.1,87.1,59,0.00G,999.9,0
20140424,74.5,63.3,1008.8,986.2,10,6.5,13,22.9,88,59,0.00G,999.9,0
20140425,75,52.6,1013.3,990.4,10,4.2,8,999.9,88,63,0.00G,999.9,0
20140426,74.3,64.4,1009.1,986.4,7.9,6,8.9,18.1,88,63,0.00G,999.9,10000
20140427,80.2,66.7,1001,978.8,6.5,6.6,12,21,96.1,68,0.00G,999.9,0
20140428,81.7,43.1,1001.9,979.7,9.5,4.7,9.9,15,96.1,69.1,0.00G,999.9,0
20140429,73.4,36.5,1005.9,983.3,10,4.8,11.1,21,93,60.1,0.00G,999.9,0
20140430,67.3,30.7,1017.2,994,10,6.3,9.9,20,84,57.9,0.00G,999.9,0
20140501,64.4,33.8,1020.2,996.7,10,2.6,7,999.9,77,52,0.00G,999.9,0
20140502,68.1,33.9,1017,993.7,10,2.5,6,999.9,82.9,52,0.00G,999.9,0
20140503,73.1,35.6,1015.7,992.6,10,2.3,8.9,17.1,93.9,55.9,0.00G,999.9,0
20140504,76.6,36.4,1016.7,993.9,10,5.5,11.1,20,93.9,57.9,0.00G,999.9,0
20140505,74.8,51.9,1013.8,991,10,6.3,9.9,18.1,91.9,60.1,0.00G,999.9,0
20140506,73.3,60.5,1009.3,986.6,10,7.9,12,24.1,91.9,60.1,0.00G,999.9,0
20140507,75.9,63.6,1009,986.3,10,8.2,14,26,88,64.9,0.00G,999.9,0
20140508,76.4,69.2,1008.7,986.1,6.9,8,13,25.1,88,70,0.00G,999.9,10000
20140509,77.1,67.9,1010.4,988,6.2,5.5,12,34,86,71.1,0.06G,999.9,10010
20140510,73.9,61.2,1010.9,988,9.5,3.9,11.1,17.1,91,60.1,0.00G,999.9,0
20140511,79.9,66.1,1007.8,985.4,9.4,7.9,12,22.9,93,60.1,0.00G,999.9,0
20140512,77.7,71.1,1007.6,985.6,7,7.6,12,21,93,72,0.00G,999.9,10000
20140513,62.9,55.9,1019.1,993.6,8,6.7,15,22.9,82,55.9,3.27G,999.9,110010
20140514,61.2,46.2,1023.8,999.8,9.4,7.2,12,22.9,75.9,52,0.26G,999.9,10010
20140515,64.1,41,1023.8,1000.2,10,2,6,999.9,84,46,0.14G,999.9,0
20140516,72,42.9,1018.8,995.7,10,5.6,9.9,19,86,46,0.00G,999.9,0
20140517,72.6,51.9,1014.8,991.8,10,7.5,9.9,22,86,60.1,0.00G,999.9,0
20140518,73.2,57.3,1016.2,993.3,9.9,6.1,11.1,21,86,60.1,0.00G,999.9,0
20140519,74.7,60.7,1015.8,993,10,8.3,13,24.1,86,62.1,0.00G,999.9,0
20140520,76.4,62.1,1015.6,993,10,7.9,11.1,21,89.1,66,0.00G,999.9,0
20140521,77.9,63.5,1016,993.4,10,7.4,11.1,19,89.1,66.9,0.00G,999.9,0
20140522,76.8,65.2,1016.9,994.2,9.6,6.3,13,19,89.1,70,0.00G,999.9,0
20140523,75.6,65.8,1016.6,993.8,9.2,5.5,9.9,22,87.1,70,0.00G,999.9,110000
20140524,75.4,67.7,1015,992.4,9.5,5.5,8.9,20,86,70,0.19G,999.9,0
20140525,77.5,66.3,1014.1,991.7,10,5.7,11.1,19,87.1,70,0.00G,999.9,0
20140526,71.8,64.9,1015.1,992.3,8.4,5.1,11.1,22,87.1,64,0.11G,999.9,10010
20140527,67.3,63.9,1013.7,990.8,8.2,3.4,15.9,27,73.0*,62.6*,3.09G,999.9,110010
20140528,73.7,65.5,1011.8,988.7,8.2,3.6,9.9,15.9,84,63,0.11G,999.9,10010
20140529,76.4,63.3,1011,988.2,10,2.1,6,999.9,89.1,66,0.00G,999.9,0
20140530,79.8,64.5,1009.9,987.3,10,2,6,14,93.9,66,0.00G,999.9,0
20140531,81,66.7,1010.5,988.1,10,2.1,7,999.9,93.9,68,0.00G,999.9,0
20140601,79.6,68.7,1011.5,989.2,8.8,2.6,6,999.9,93,70,0.00G,999.9,0
20140602,80.8,68.6,1011.9,989.5,9.9,5.9,8.9,17.1,91,71.1,0.00G,999.9,0
20140603,81.1,70,1013.9,991.3,10,5.1,8.9,15,91,73.9,0.00G,999.9,0
20140604,81,69.7,1011.4,989,10,5.2,8,15,91,73.9,0.00G,999.9,0
20140605,80.9,70.3,1009.4,986.9,10,6.1,8.9,18.1,91,73.9,0.00G,999.9,0
20140606,81.1,69.6,1010.8,988.5,10,6.3,9.9,18.1,91.9,73,0.00G,999.9,0
20140607,81.9,69.8,1011.5,989.2,10,6.4,9.9,18.1,91.9,73,0.00G,999.9,0
20140608,81.7,69.9,1011.2,988.8,9.9,5.9,9.9,24.1,91.9,73.9,0.00G,999.9,10000
20140609,79,70.1,1008.4,986.1,9.7,4.3,8.9,19,90,68,0.00G,999.9,110010
20140610,77.3,63.6,1010.5,987.8,9.6,2.8,8.9,17.1,91.9,64,0.55G,999.9,10000
20140611,80,64.4,1010.5,987.9,10,2.7,8.9,15,93.9,64,0.00G,999.9,0
20140612,83.6,71.9,1008.7,986.6,9.5,6.3,11.1,22.9,93.9,66,0.00G,999.9,0
20140618,83,71.4,1013.4,991.1,9.5,7.6,13,22,91.9,77,0.00G,999.9,10000
20140619,82.2,70.8,1014.7,992.3,10,6.2,11.1,19,91.9,75.9,0.02G,999.9,0
20140620,81.4,69.9,1016.2,993.8,10,4.4,8.9,15.9,91,75,0.01G,999.9,0
20140621,81.8,71.1,1014.8,992.3,9.8,4.7,8.9,15,91.9,75,0.00G,999.9,0
20140622,82,71,1011.9,989.6,9.3,6.6,8.9,19,91.9,75,0.00G,999.9,0
20140623,79.4,71.7,1011.5,989.2,9.8,4.4,12,22,90,68,0.00G,999.9,10010
20140624,81.6,72.1,1014.5,992.1,9.4,3.5,11.1,22.9,93,68,0.27G,999.9,110010
20140625,79.2,72.9,1015.2,992.7,9.3,5.1,14,20,93,71.1,0.24G,999.9,110010
20140626,77.3,70.8,1013.9,991.4,9.8,5.1,9.9,18.1,89.1,71.1,0.49G,999.9,10000
20140627,80.8,71.3,1011.1,988.7,9.9,7.5,13,24.1,91,71.1,0.01G,999.9,0
20140628,83,72.6,1010.8,988.3,9.6,8,11.1,22,93,75,0.00G,999.9,0
20140629,84.4,72.7,1014,991.5,9.3,7.7,11.1,21,95,77,0.00G,999.9,0
20140630,84.3,71.3,1013.8,991.5,9,7.1,9.9,22,96.1,77,0.00G,999.9,0
20140701,83.8,70.3,1012.5,990,9.7,6,8.9,17.1,96.1,75,0.00G,999.9,0
20140702,84.1,69.7,1015.1,992.7,9.6,4.2,9.9,18.1,97,73,0.00G,999.9,0
20140703,84.6,67.9,1017.3,994.8,10,2,8.9,19,97,73,0.00G,999.9,10010
20140704,78.5,68.3,1020.4,997.5,9.8,2.4,12,20,96.1,71.1,0.07G,999.9,10010
20140705,79.5,68.2,1020.3,997.5,9.5,3.4,12,22,93.9,69.1,0.00G,999.9,0
20140706,81.1,70.1,1016.6,994.1,8.8,3.8,8,999.9,95,69.1,0.00G,999.9,0
20140707,84.2,66.9,1014.7,992.3,10,4.4,8,14,96.1,72,0.00G,999.9,0
20140708,85.2,68.9,1015,992.6,10,5.5,8,17.1,98.1,73,0.00G,999.9,0
20140709,84.9,64.9,1015.8,993.3,9.9,5.3,8.9,15.9,98.1,72,0.00G,999.9,0
20140710,83.7,67.2,1015.4,993,9.9,4.7,8.9,18.1,98.1,72,0.00G,999.9,0
20140711,81,66.9,1017.7,995.1,10,4.1,9.9,19,96.1,71.1,0.00G,999.9,0
20140712,83.8,63.8,1019.1,996.5,9.5,3.3,8,15,97.0*,71.1*,0.00G,999.9,0
20140713,86.6,67.2,1017.2,994.7,10,3.9,8.9,999.9,99.0*,73.9*,0.00G,999.9,0
20140714,87,66.7,1014.9,992.6,10,3.5,6,999.9,100.9,73.9,0.00G,999.9,0
20140715,84,69.1,1014,991.7,10,2.9,4.1,999.9,100.9,75,0.00G,999.9,10010
20140716,80.2,71.2,1013.7,991.3,9.7,2.9,8,999.9,95,73,0.06G,999.9,10010
20140717,82,72.4,1010.6,988.3,10,4.6,7,15,95,73,0.31G,999.9,10000
20140718,75.3,71.8,1012.5,989.6,6.5,3.8,11.1,17.1,89.1,72,5.05G,999.9,110010
20140719,76.6,67.8,1015,992.2,9.4,1.2,4.1,999.9,86,70,1.52G,999.9,0
20140720,81.2,71.7,1014.1,991.7,9,2.8,7,999.9,93.9,70,0.00G,999.9,0
20140721,85.8,73.3,1014,991.8,9.2,5,8,14,96.1,73.9,0.00G,999.9,0
20140722,85.6,71.4,1015.1,992.9,10,2.9,6,999.9,96.1,75.9,0.00G,999.9,0
20140723,86.5,71.2,1015.8,993.5,9.3,1.6,6,999.9,97,75,0.00G,999.9,0
20140724,84,70.6,1015,992.8,8.9,2.6,5.1,999.9,97,73.9,0.00G,999.9,10000
20140725,85,70.4,1014.6,992.2,10,3.3,7,999.9,96.1,73.9,0.09G,999.9,0
20140726,86.3,70.9,1014.2,991.9,9.8,5.1,8,15.9,98.1,75,0.00G,999.9,0
20140727,85.7,70.8,1015.1,992.9,10,5.9,8.9,19,98.1,75,0.00G,999.9,0
20140728,86.3,68.7,1016.9,994.6,9.8,3.6,7,18.1,98.1*,73.4*,0.00G,999.9,0
20140729,86,69.7,1016.9,994.4,10,2.8,9.9,18.1,99,73.9,0.00G,999.9,0
20140730,84.5,68.2,1015.1,992.8,10,4.9,8,999.9,97,75.9,0.00G,999.9,0
20140731,85.1,69.6,1012.8,990.6,10,4,8.9,19,97,75.9,0.00G,999.9,0
20140801,81.4,65.5,1014.7,992.2,10,5.2,9.9,15.9,97,73,0.00G,999.9,0
20140802,78.2,66,1016.1,993.4,10,3.7,6,15,91,68,0.00G,999.9,0
20140803,80.6,66.2,1015.9,993.3,9.8,3.5,8.9,15.9,93.9,68,0.00G,999.9,0
20140804,83.3,68.6,1015,992.5,9.4,3.2,8,17.1,93.9,71.1,0.00G,999.9,0
20140805,84.6,67.7,1015.5,993,9.9,1.5,5.1,999.9,97,73,0.00G,999.9,0
20140806,86.1,68.9,1014.6,992.3,10,4.1,8.9,19,97.0*,75.2*,0.00G,999.9,0
20140807,88.2,69.5,1011.9,989.9,9.1,5.1,8,15,102,77,0.00G,999.9,0
20140808,88.7,69.6,1011.6,989.4,10,5.3,8.9,18.1,102,75.9,0.00G,999.9,0
20140809,88.2,68.4,1013.3,991.1,10,4.5,8.9,15.9,102,75.9,0.00G,999.9,0
20140810,88.9,68.5,1014.1,991.9,10,4,8.9,15,100.9,77,0.00G,999.9,0
20140811,86.3,70.9,1015.1,992.8,9.7,3.7,9.9,18.1,102,77,0.00G,999.9,10010
20140812,83.4,70.2,1015.9,993.3,10,2.4,7,999.9,102,73,0.05G,999.9,10000
20140813,85,56.4,1016,993.5,10,3.8,8,999.9,100,69.1,0.00G,999.9,0
20140814,84.9,60.5,1015.1,992.6,10,2.7,8,999.9,98.1,69.1,0.00G,999.9,0
20140815,87.2,66.9,1013.2,991.2,10,4.5,7,17.1,100.9,70,0.00G,999.9,0
20140816,88.7,68.1,1011.9,989.7,10,4.9,7,15.9,104,75,0.00G,999.9,0
20140817,87.9,69.9,1012.2,990.3,10,5.5,9.9,18.1,104,77,0.00G,999.9,0
20140818,87,70.1,1012.1,989.9,10,5.3,8.9,15.9,102,78.1,0.00G,999.9,0
20140819,85.8,68.6,1011.3,989.1,10,5.6,8,22,102,77,0.00G,999.9,10010
20140820,87.7,69.2,1011.6,989.7,9.8,6.8,12,22,102,77,0.00G,999.9,0
20140821,88.9,69,1014.2,992.1,10,7.3,12,25.1,102.9,78.1,0.00G,999.9,0
20140822,88.9,69,1015.2,993.1,10,6.8,13,22.9,102.9,79,0.00G,999.9,0
20140823,87.6,68.4,1013.9,991.7,10,5.2,9.9,20,102.9,75,0.00G,999.9,0
20140824,88.3,68.8,1012,989.8,10,4.6,7,15.9,100.9,75,0.00G,999.9,0
20140825,88.4,67.2,1012,989.8,10,4,7,999.9,100.9,75.9,0.00G,999.9,0
20140826,88.1,66.3,1013,990.8,9.9,3.3,8.9,20,100.9,75.9,0.00G,999.9,10010
20140827,86.1,68.2,1014.3,992,10,3.3,8,999.9,100.9,75.9,0.00G,999.9,0
20140828,85.3,68.1,1012.3,990.1,10,3.5,11.1,22,99,75.9,0.00G,999.9,0
20140829,83.5,71.8,1010.6,988.4,9.7,4.6,11.1,20,99,75.9,0.00G,999.9,10010
20140830,82.3,71.3,1011.8,989.4,10,2.8,8,999.9,96.1,73.9,0.07G,999.9,0
20140831,84.8,71.5,1012.4,990.4,10,5.4,9.9,18.1,99,73.9,0.00G,999.9,0
20140901,86.9,71.1,1011.5,989.4,9.8,6.7,11.1,22.9,100.9,73.9,0.00G,999.9,0
20140902,86.3,72.1,1011.9,989.7,10,6.2,11.1,22,100.9,78.1,0.00G,999.9,0
20140903,85.9,69.8,1013.1,990.8,10,5.8,9.9,20,100,75.9,0.01G,999.9,0
20140904,82.6,72.7,1014.4,992.2,9.6,4.3,22,32.1,100,73,0.00G,999.9,110010
20140905,83.9,71.6,1015.4,993.2,10,3.9,11.1,17.1,99,73,0.98G,999.9,0
20140906,82.7,71.4,1015.6,993.2,10,1.8,8.9,999.9,97,73.9,0.02G,999.9,10000
20140907,80.3,71.5,1015.6,993.5,8.5,3.1,8,17.1,97,73.9,0.41G,999.9,10010
20140908,82,69.6,1015.1,992.5,9.9,2.1,7,999.9,96.1,72,0.22G,999.9,0
20140909,84.8,69.4,1013.2,990.8,10,4.4,8,14,97,72,0.00G,999.9,0
20140910,85.9,70.2,1009.6,987.4,10,6,11.1,18.1,99,73.9,0.00G,999.9,0
20140911,86.7,70.4,1010.7,988.8,10,4.9,8.9,17.1,99,77,0.00G,999.9,0
20140912,84.7,70.7,1013.5,991.3,9.6,3.4,9.9,21,95.0*,73.4*,0.00G,999.9,10010
20140913,63.8,60.6,1020.6,997.5,7.2,6.4,9.9,19,73.9*,60.1*,0.51G,999.9,10000
20140914,66.7,63.2,1021.6,998.2,7.8,1.6,5.1,999.9,77,60.1,0.68G,999.9,0
20140915,75.5,67.5,1018.9,995.9,9.3,1,5.1,999.9,88,64,0.00G,999.9,0
20140916,82.3,71.3,1016.7,994,9.5,2.7,8.9,21,93.9,69.1,0.00G,999.9,0
20140917,80,73.5,1012.7,990.9,9.5,1.8,7,17.1,93.9,73.9,0.02G,999.9,10010
20140918,78.6,72.4,1010.3,988.1,8.3,2.4,15.9,22.9,89.1*,71.6*,3.82G,999.9,110010
20140919,77.3,73.7,1011.2,988.9,8.2,1.9,5.1,999.9,90,72,0.32G,999.9,10010
20140920,78.4,72.8,1012.8,990.3,9.4,3.1,7,999.9,90,73.9,0.02G,999.9,10000
20140921,80.5,70.7,1015.6,993,10,2.1,6,999.9,90,73,0.19G,999.9,0
20140922,80.2,67.3,1017.8,995.1,10,2.7,6,999.9,91,70,0.00G,999.9,0
20140923,76.6,60.5,1018.8,996,10,3.1,5.1,999.9,91,66.9,0.00G,999.9,0
20140924,72.4,56.3,1019,995.9,10,2.1,7,999.9,84.9,60.1,0.00G,999.9,0
20140925,72.5,60.3,1019.4,996.4,9.9,2.4,8,15,84,60.1,0.00G,999.9,0
20140926,75.4,64.5,1017.6,994.8,10,3,7,999.9,84.9,62.1,0.00G,999.9,0
20140927,75.5,65.6,1016.1,993.3,10,2,7,999.9,84.9,66,0.00G,999.9,10000
20140928,75,65.3,1015.3,992.4,8.5,2.1,6,999.9,88,66,0.00G,999.9,0
20140929,77.4,64.1,1013.8,991.1,10,1.8,5.1,999.9,89.1,66,0.00G,999.9,0
20140930,77,64.6,1010.6,987.8,10,1.1,5.1,999.9,90,64.9,0.00G,999.9,0
20141001,81.5,70.3,1007.9,985.6,10,4.2,7,999.9,91.9,64.9,0.00G,999.9,0
20141002,83,72.3,1008.7,986.5,9,6.2,12,21,91.9,75.9,0.00G,999.9,0
20141003,77.4,54.4,1016.5,993.3,9.8,6.6,12,22.9,91.9,66,0.03G,999.9,10010
20141004,69,47.5,1021,997.8,10,3.2,6,999.9,84.9,59,0.00G,999.9,0
20141005,71.6,59.3,1013.4,990.4,10,4.4,8,14,87.1,59,0.00G,999.9,0
20141006,78.2,68.3,1010.5,987.9,10,5.3,8.9,18.1,89.1,62.1,0.00G,999.9,0
20141007,79.5,68.2,1012.1,989.7,9.5,4.5,8.9,999.9,93.0*,71.6*,0.00G,999.9,0
20141008,80.9,69.1,1014.3,991.8,10,5.1,8,20,93.9,72,0.00G,999.9,0
20141009,82.1,70.1,1013.1,990.8,10,6,8,19,91.9,73.9,0.00G,999.9,10000
20141010,81.3,69.3,1011.3,988.9,10,5.9,8,19,91.9,75,0.00G,999.9,0
20141011,70.5,64.1,1014.6,992.3,9.3,5.8,9.9,21,91.9,59,0.00G,999.9,110000
20141012,65.2,59.1,1014,990.8,9.3,1.7,5.1,999.9,78.1,59,1.42G,999.9,10010
20141013,72.9,61.3,1008.8,985.2,9.8,9.2,15.9,26,77,61,0.01G,999.9,10000
20141014,66.3,43.2,1018.3,994.9,10,4.9,9.9,15.9,80.1,51.1,0.09G,999.9,0
20141015,68,45.9,1018.4,995.1,10,2.1,6,999.9,88,51.1,0.00G,999.9,0
20141016,70.4,48.3,1014.5,991.5,10,2.7,8.9,17.1,88,55.9,0.00G,999.9,0
20141017,72.2,57.6,1012.3,989.3,10,3,7,999.9,87.1,57,0.00G,999.9,0
20141018,74.5,63.3,1014.5,991.7,9.8,1.4,5.1,999.9,87.1,61,0.00G,999.9,0
20141019,73.1,63.1,1017.1,994.3,9.8,2.3,6,999.9,86,64.9,0.00G,999.9,0
20141020,71.7,61.6,1016.7,993.6,9.1,2,6,999.9,82,63,0.00G,999.9,0
20141021,70.6,56.6,1016.7,993.6,9.4,2.3,7,999.9,82.9,57.9,0.00G,999.9,0
20141022,70.5,57.4,1017.7,994.5,10,1.6,5.1,999.9,82.9,57.9,0.00G,999.9,0
20141023,73.4,59.8,1018.6,995.6,10,1.6,5.1,999.9,82.9,61,0.00G,999.9,10000
20141024,71.5,58.2,1019.5,996.4,10,1.4,5.1,999.9,84.9,60.1,0.00G,999.9,0
20141025,73.8,59.1,1019.7,996.6,10,1.5,6,999.9,88,60.1,0.00G,999.9,0
20141026,73.4,58.2,1016.3,993.4,9.9,2.3,7,999.9,88,61,0.00G,999.9,0
20141027,72.7,59.7,1011.9,989.1,10,4.8,8.9,20,86,61,0.00G,999.9,0
20141028,73.2,64,1013.7,991,10,2.9,8,18.1,86,62.1,0.00G,999.9,0
20141029,72.7,62.3,1018.6,995.6,10,2.8,7,999.9,84,64.9,0.00G,999.9,0
20141030,69.9,59.4,1019.1,995.9,10,1.4,6,999.9,80.1*,62.6*,0.00G,999.9,0
20141031,68.2,51.8,1022,998.7,9.4,4.6,11.1,20,82,59,0.30G,999.9,10000
20141101,57.4,40.2,1027.2,1003.4,10,4.4,7,999.9,75.9,46.9,0.00I,999.9,0
20141102,59,43.2,1025.1,1001.3,10,4.5,8.9,20,75,46.9,0.00G,999.9,0
20141103,66.3,55.3,1020.7,997.2,10,4.8,8.9,18.1,75.9,48,0.00G,999.9,0
20141104,71.5,64.9,1017.4,994.6,9.6,4,12,19,75.9,59,0.00G,999.9,10000
20141105,58.2,56.6,1020.2,996.6,6.1,6.5,15,24.1,75,55,0.97G,999.9,10000
20141106,58,53,1024.7,1000.5,8.6,4.5,7,999.9,63,55,1.13G,999.9,10000
20141107,60,42.4,1023.9,1000.1,10,1.7,5.1,999.9,71.1,48,0.01G,999.9,0
20141108,59.1,47.8,1018.4,994.7,10,2.3,12,18.1,75,48,0.00G,999.9,0
20141109,60.1,42.9,1020.1,996.4,10,2.9,7,999.9,75,46.9,0.00G,999.9,0
20141110,61.2,48.7,1011.6,988.1,10,4.4,14,27,75.9,46.9,0.00G,999.9,0
20141111,58.1,46.6,1013.5,990,10,6.3,12,26,75.9,46,0.00G,999.9,0
20141112,43.7,26.3,1025.4,1000.9,10,6.8,11.1,19,64.9,36,0.00G,999.9,0
20141113,37.7,13.7,1032.6,1007.7,10,8.7,11.1,24.1,51.1,34,0.00G,999.9,0
20141114,36.8,14.8,1031.1,1005.9,10,2.1,6,999.9,45,30,0.00G,999.9,0
20141115,43.3,31.5,1024.6,998.9,7.6,3.5,8.9,999.9,46.9,30,0.00G,999.9,10000
20141116,48,46.7,1016,991.5,3.4,2.8,8.9,19,50.0*,45.0*,0.02G,999.9,110000
20141117,39.1,24.6,1027.4,1001.9,10,7.8,11.1,22.9,53.1,30,0.01G,999.9,10000
20141118,41.2,22.9,1032.4,1007.5,9.7,1.5,6,999.9,55.9,30,0.00G,999.9,0
20141119,47.9,33,1026.9,1002.4,10,2.4,8.9,17.1,69.1,30,0.00G,999.9,0
20141120,55.6,49.7,1020.6,996.3,9.9,1.7,7,999.9,70,33.1,0.00G,999.9,10000
20141121,66,64.1,1017.4,994,6.1,3.8,8,999.9,73.9*,62.1*,0.02G,999.9,110000
20141122,65.4,64,1015.7,991.6,7.9,6.5,13,20,73.9,62.1,0.32G,999.9,110010
20141123,64.3,53,1003.2,980.9,8.9,3.6,14,24.1,81,53.1,3.30G,999.9,10010
20141124,57.7,34.2,1014,990.5,10,6.2,12,21,81,46,0.00G,999.9,0
20141125,49.8,32.8,1024.1,999.8,10,2.7,7,999.9,66.9,37.9,0.00G,999.9,0
20141126,57.4,32.8,1022.4,998.4,10,2.9,6,15,77,37.9,0.00G,999.9,0
20141127,53.9,33.2,1030,1005.9,10,3.6,8,999.9,77,42.1,0.00G,999.9,0
20141128,53.8,41.7,1026.1,1001.9,10,2.5,11.1,21,72,42.1,0.00G,999.9,0
20141129,63,54.1,1017.4,993.8,10,5.3,9.9,21,73,42.1,0.00G,999.9,0
20141130,70.4,61.3,1015.8,992.7,10,6.5,9.9,21,79,55.9,0.00G,999.9,0
20141201,56.6,48.3,1024.3,1000.4,9.9,5.6,12,26,79,42.1,0.00G,999.9,0
20141202,42.8,27.4,1028.8,1004.3,10,4.6,8,14,50.0*,39.0*,0.00G,999.9,0
20141203,51.2,46.3,1022.6,998.3,7.2,2,5.1,999.9,59,39,0.00G,999.9,0
20141204,60.6,58,1021.2,996.7,5.3,1.4,5.1,999.9,64.9,48,0.00G,999.9,10000
20141205,67.2,63.7,1017.7,994.3,6.4,4.5,7,15.9,75,57.9,0.07G,999.9,10000
20141206,61.3,54.2,1024,1000.9,9.9,4.6,8.9,999.9,75,55,0.01G,999.9,0
20141207,54.5,48,1027.2,1003.2,9.9,3.7,6,999.9,69.1,52,0.00G,999.9,0
20141208,55.1,46.3,1026.4,1002.2,10,3.6,7,999.9,66.9,51.1,0.00G,999.9,0
20141209,54.5,45.7,1026.8,1002.7,8.4,0.8,6,999.9,69.1,43,0.00G,999.9,0
20141210,55.6,47.4,1023.6,999.6,9.6,1.1,5.1,999.9,69.1,43,0.00G,999.9,10000
20141211,59.8,56.5,1021.2,997.7,7,2.9,7,999.9,66.9,46.9,0.05G,999.9,10000
20141212,63.5,56.8,1022.9,999.5,10,3.8,7,999.9,71.1,57,0.01G,999.9,10000
20141213,62.7,56.2,1021.8,998.1,8.8,3.7,8,999.9,73.9,55,0.00G,999.9,0
20141214,66.3,60.4,1014.8,991.6,9.4,5.9,12,22,73.9,55,0.00G,999.9,10000
20141215,66.7,53.8,1014.3,990.5,9.7,4.3,7,14,73.9,61,0.07G,999.9,10000
20141216,55,34,1024,1000.1,10,4.2,9.9,17.1,73.9,46,0.00G,999.9,0
20141217,51.1,38.5,1023.5,998.8,9.5,3.3,13,19,63,46,0.00G,999.9,10010
20141218,53.3,51.2,1019,995.4,5.2,1.5,6,999.9,60.1,48,0.10G,999.9,0
20141219,52.1,48.6,1019.3,995.4,7.6,5.7,8.9,17.1,60.1,48,0.54G,999.9,10010
20141220,50.4,44.9,1022.6,998.6,10,3.2,8.9,15,57,48,0.05G,999.9,0
20141221,51.8,47.3,1019.2,994.9,8,3.1,6,999.9,55.9,48.9,0.00G,999.9,0
20141222,61.1,52.7,1006.6,983.6,9.8,4.8,8,14,77,50,0.00G,999.9,0
20141223,55.2,43.4,1006.2,983.1,10,6.3,14,22.9,64.0*,48.2*,0.00G,999.9,10000
20141224,47.3,32.8,1018,993.8,10,6.3,12,21,59,39.9,0.00G,999.9,0
20141225,46.7,30.5,1018.5,994.2,10,3.8,11.1,25.1,64.9,33.1,0.00G,999.9,0
20141226,59.3,52.2,1014,990.2,9.8,5.1,8.9,17.1,72.0*,52.0*,0.00G,999.9,10000
20141227,56.8,52.1,1017.6,993.6,8.3,5.2,12,20,73.9,45,0.01G,999.9,10000
20141228,40.1,31,1024.9,1000.2,9.8,5.6,11.1,19,46.0*,35.1*,0.04G,999.9,10000
20141229,43,33.8,1021.1,996.4,10,1.2,7,999.9,66.9,30,0.12G,999.9,0
20141230,45.5,41.2,1025.7,1001.3,6.6,4,9.9,19,66.9,30,0.00G,999.9,100000
20141231,39.1,30.4,1032.5,1007.5,9.8,6.8,8.9,17.1,46,36,0.00G,999.9,0
20150101,37.2,32.8,1027.7,1001.8,5.6,4.7,8.9,14,39.2*,33.8*,0.37G,999.9,10010
20150102,40,38.7,1021.1,996.3,4.5,3.7,6,999.9,43,34,0.31G,999.9,10000
20150103,44.7,39.4,1015.7,991.3,8.1,4,9.9,18.1,62.1,37.9,0.91G,999.9,10010
20150104,44.9,34.3,1027.1,1002.6,10,5.5,11.1,19,62.1,39,0.76G,999.9,0
20150105,38.2,22.5,1037.7,1012.5,10,3.4,5.1,999.9,52,28.9,0.00G,999.9,0
20150106,48.1,30.2,1029.8,1005.1,10,2.1,6,999.9,71.1,28.9,0.00G,999.9,0
20150107,48.1,33.1,1031.7,1007.3,10,5.4,15,28,71.1,36,0.00G,999.9,0
20150108,29.9,9.5,1038.4,1013,10,5.5,12,22.9,39.9*,23.0*,0.00G,999.9,10000
20150109,36.3,24.9,1030.2,1005.3,9.6,4.6,11.1,19,37.9,23,0.00G,999.9,10000
20150110,34.3,26.7,1033.3,1007.7,8.1,3.4,9.9,15.9,37.9,32,0.04G,999.9,11000
20150111,39,36.8,1024.1,999.6,5.9,1.1,5.1,999.9,48.9,32,0.45G,999.9,10010
20150112,44.7,42.6,1024.4,999.4,5.6,4.2,8.9,18.1,48.9,34,0.17G,999.9,100000
20150113,38.9,33.7,1030.6,1005.8,7.6,6.1,8.9,17.1,46,35.1,0.00G,999.9,0
20150114,39.1,34.9,1029.1,1003.5,5.7,4.5,7,999.9,42.1,35.1,0.00G,999.9,0
20150115,43.6,36.2,1027.1,1002.3,8.1,3.9,7,15.9,59,37.9,0.00G,999.9,0
20150116,47.7,37.3,1027,1002.5,10,1.9,5.1,999.9,64,37.9,0.00G,999.9,0
20150117,53,41,1020.2,996.1,9.7,2,7,999.9,69.1,37.9,0.00G,999.9,0
20150118,59,31.5,1025,1001.1,10,3.7,7,999.9,72,39,0.00G,999.9,0
20150119,55.1,36.8,1019.3,995.4,10,2.9,8,999.9,75,37,0.00G,999.9,0
20150120,59.1,43,1013.6,989.9,10,1.5,8,999.9,80.1,37,0.00G,999.9,0
20150121,54.9,48.7,1017.2,993.6,6.3,5.6,8,17.1,80.1,41,0.00G,999.9,10000
20150122,49,47.4,1019.2,994,4.4,6.7,14,27,55.9,42.1,0.79G,999.9,10000
20150123,42,38.4,1024.1,999.6,8.3,7.1,11.1,24.1,50.0*,37.4*,1.48G,999.9,10000
20150124,45,35.1,1024,999.4,10,3.8,8.9,17.1,63,36,0.36G,999.9,0
20150125,53.7,36.5,1018.7,994.6,10,3.9,8.9,15.9,73,36,0.00G,999.9,0
20150126,57.1,34,1023,999.1,10,5,8,14,73.9,39.9,0.00G,999.9,0
20150127,61.8,39.3,1021.1,997.4,10,5.2,9.9,18.1,82.9,46,0.00G,999.9,0
20150128,60.9,42.3,1020.1,996.5,10,2.1,8.9,18.1,82.9,42.1,0.00G,999.9,0
20150129,63.6,49,1021.4,997.9,9.7,2.9,8.9,15,81,42.1,0.00G,999.9,0
20150130,55,36,1028.8,1004.8,10,6.3,9.9,19,79,48,0.00G,999.9,10000
20150131,51.7,43.8,1023.1,997.4,7.6,3.1,7,999.9,57.9,48,0.00G,999.9,10000
20150201,63.3,58.6,1013.6,989.8,6.6,4.8,11.1,21,73,48.9,0.33G,999.9,10000
20150202,43.4,25.5,1026.6,1002.3,10,6.1,12,18.1,55.9*,33.1*,0.02G,999.9,0
20150203,41.9,31.8,1026.6,1001.7,8.3,1.5,6,999.9,48.9,33.1,0.00G,999.9,10000
20150204,45.9,44.1,1020.6,996.5,5.6,2.2,6,999.9,55,39.9,0.31G,999.9,10000
20150205,44.6,38.5,1026.2,1002.3,9.9,5.2,9.9,18.1,53.1*,37.4*,0.01G,999.9,0
20150206,45.5,35.5,1029.3,1004.7,9.5,1.8,6,999.9,60.1,37,0.00G,999.9,0
20150207,52.1,44.2,1020.9,996.7,8.2,3.6,9.9,17.1,69.1,37,0.00G,999.9,0
20150208,64.1,55,1012.7,989.3,9.8,5.8,8.9,18.1,77.0*,57.0*,0.00G,999.9,0
20150209,65.3,46.7,1017,993.6,10,3.3,6,999.9,82.9,52,0.00G,999.9,0
20150210,62.2,42.4,1016.6,993.2,10,2.4,7,999.9,82.9,46,0.00G,999.9,0
20150211,63.2,48.5,1015.1,991.7,8.2,3.5,7,999.9,81,46,0.00G,999.9,0
20150212,56.4,37.5,1025.7,1001.9,10,7.1,12,22,78.1,46,0.00G,999.9,0
20150213,52.7,36,1027.2,1002.9,10,2.3,8,999.9,70,39,0.00G,999.9,0
20150214,61.1,45.4,1023.8,1000,10,2.4,7,999.9,78.1,39,0.00G,999.9,0
20150215,62.5,55.2,1019.1,995.4,9.7,3.2,8,999.9,78.1,48,0.00G,999.9,0
20150216,53,48.2,1015.3,991.2,8.9,7.9,14,24.1,68,36,0.00G,999.9,10000
20150217,41,26.8,1023.2,998.4,10,6.5,9.9,19,66,34,0.01G,999.9,10000
20150218,46.7,29.8,1026.3,1001.6,10,4.7,11.1,15,64.0*,33.1*,0.00G,999.9,0
20150219,52.6,36.3,1025.8,1001.6,10,3.2,8.9,21,70,32,0.00G,999.9,0
20150220,62.3,53.2,1015.2,991.5,9.9,7.1,13,27,73.0*,55.0*,0.00G,999.9,0
20150221,68.7,59.9,1010.2,987,9.9,6.1,9.9,26,78.1,54,0.00G,999.9,0
20150222,54.6,47.7,1016.3,993.2,8.6,4.2,12,24.1,78.1,46,0.00G,999.9,10000
20150223,35.2,31.6,1030.3,1005.5,8.4,8.9,12,26,55.9,30.9,0.03G,999.9,10000
20150224,31.9,27.5,1026.8,1002,9.7,4.9,9.9,17.1,37,30,0.01G,999.9,0
20150225,42.5,32.8,1014.6,990.4,8.1,2.9,9.9,17.1,63,30,0.00G,999.9,10000
20150226,42.7,33.7,1018,993.8,9.5,4.2,11.1,19,63,33.1,0.01G,999.9,0
20150227,34.9,23.1,1028.7,1003.9,9.2,6.3,8.9,21,39.0*,32.0*,0.00G,999.9,11000
20150228,32.4,29.6,1027.8,1002.5,5.8,5.5,8.9,15.9,35.6*,30.2*,0.01G,999.9,11000
20150301,37.3,36.2,1025.8,1000.8,3.8,4.4,7,999.9,43,30.9,0.16G,999.9,10000
20150302,40.7,39.1,1027.3,1002.1,6.3,4.2,8,999.9,45,35.1,0.05G,999.9,10000
20150303,46.1,45.7,1019.2,993.3,1.6,1.4,6,999.9,60.1,37.9,0.02G,999.9,110000
20150304,60.5,59.6,1011.4,987.2,2.8,1.8,13,24.1,70,41,0.01G,999.9,110000
20150305,37.2,27.5,1030.4,1003.6,9.1,10.6,14,31.1,46.9*,30.9*,0.28G,999.9,10010
20150306,38.9,21.4,1036,1010.8,10,2.3,6,999.9,57,26.1,0.13G,999.9,0
20150307,47.9,29.5,1030.9,1006.3,10,1.5,4.1,999.9,60.1,26.1,0.00G,999.9,0
20150308,51.6,43,1024,999.2,6.1,2.5,8,999.9,60.1,37.9,0.03G,999.9,10000
20150309,50.1,49.2,1015.1,991.6,3.7,3.2,6,999.9,55,46.9,1.37G,999.9,10000
20150310,55.1,50.2,1016.4,991.9,10,3.1,7,999.9,63,48.9,1.22G,999.9,0
20150311,56.5,49.8,1021.9,997.9,10,5.2,11.1,15.9,63,50,0.00G,999.9,0
20150312,59.4,50.9,1020.1,996.5,10,4.6,8.9,15,73,52,0.02G,999.9,10000
20150313,63,52,1015.7,992.3,8.6,3.4,8,15.9,78.1,52,0.00I,999.9,0
20150314,65,49.3,1018,994.6,10,3.9,9.9,18.1,78.1,53.1,0.00G,999.9,0
20150315,60.6,50.1,1023.7,1000.1,10,3.4,8,999.9,78.1,51.1,0.00G,999.9,0
20150316,62.8,53.4,1024,1000.1,10,1.8,7,999.9,77,51.1,0.00G,999.9,0
20150317,67.3,62.5,1020.1,996.7,7.6,2.5,6,999.9,77,52,0.00G,999.9,0
20150318,69.8,61.3,1015.9,992.9,9.7,3.9,7,17.1,81,60.1,0.09G,999.9,10000
20150319,69.7,63.4,1013.5,990.6,9.1,2.7,8,15,82.9,60.1,0.05G,999.9,0
20150320,67.6,63.6,1015.8,993.6,6.6,4.1,11.1,19,82.9,57,0.00G,999.9,110000
20150321,58.2,56.6,1018.7,995.2,7.8,4.2,7,999.9,71.1,55,1.49G,999.9,10000
20150322,64,57,1016.3,992.9,9.1,3.7,7,999.9,78.1,55,0.11G,999.9,0
20150323,65.2,56.1,1018,994.6,9.7,1.9,5.1,999.9,80.1,52,0.00G,999.9,0
20150324,69.5,59.1,1015,991.9,9.9,5.8,9.9,19,82.9,52,0.00G,999.9,0
20150325,70.6,60.8,1012.9,989.9,10,6.3,9.9,20,84,59,0.00G,999.9,0
20150326,64.4,51.7,1015.5,992.1,9.9,9.4,15,25.1,84,54,0.05G,999.9,10000
20150327,62.4,34.8,1021.2,997.4,10,4.2,8,17.1,82,46,0.00I,999.9,0
20150328,66.5,42.8,1019,995.6,10,3.4,11.1,18.1,84,46,0.00G,999.9,0
20150329,69.5,53,1017.4,994.2,10,7,13,22.9,84,48,0.00G,999.9,0
20150330,70.4,61.4,1019.2,996,10,5,8.9,19,84,57,0.00G,999.9,0
20150331,71.9,62.1,1016.3,993.4,9.9,6.1,8.9,15.9,82,66,0.00G,999.9,0
20150401,72.9,64.5,1012.7,989.9,9,5,9.9,18.1,82.9,66,0.00G,999.9,10000
20150402,73.5,66.1,1012.3,989.4,8.4,6.6,9.9,22,84,68,0.00G,999.9,0
20150403,74,65.1,1013.7,990.8,8.1,5.6,8.9,20,86,68,0.00G,999.9,0
20150404,63.7,44.6,1023.4,999.9,10,7.6,13,22.9,86,55.9,0.00G,999.9,0
20150405,62.6,54.5,1019.1,994.2,7.3,3.7,8,999.9,69.8*,59.0*,0.00G,999.9,10000
20150406,71.6,64.4,1012.9,990.1,6.6,5.6,11.1,21,84.9,59,0.02G,999.9,0
20150407,75.2,65.4,1013.5,991,9.8,7,9.9,22,87.1,64.9,0.00G,999.9,0
20150408,73.6,66.3,1013.3,990.5,9.2,6.7,8.9,18.1,87.1,68,0.00G,999.9,0
20150409,75.6,67.1,1010.1,987.5,9.5,7.7,12,24.1,87.1,69.1,0.00G,999.9,0
20150410,67.5,56.4,1016.8,993.7,9.8,5,8.9,18.1,87.1,55.9,0.00G,999.9,10010
20150411,63.6,58.5,1018,994.5,6.4,1.7,4.1,999.9,73.9,55.9,0.09G,999.9,10000
20150412,70.6,66.5,1012.1,990,4.9,3.8,8.9,15,82,59,0.00G,999.9,110000
20150413,74.2,64.5,1010.7,987.7,9.3,3.8,9.9,17.1,87.1,64,0.10G,999.9,10010
20150414,68.9,57.2,1015.6,992.8,10,4.9,8.9,15.9,87.1,60.1,0.09G,999.9,0
20150415,66,53.1,1015.5,992.1,10,2.5,9.9,18.1,82.9,54,0.00G,999.9,0
20150416,71.8,65.2,1012.7,989.7,8.8,4.7,13,24.1,82.9,54,0.00G,999.9,10010
20150417,69.5,64.6,1012.9,989.7,9.5,3.6,8,999.9,81,66.9,0.01G,999.9,10010
20150418,69,64.7,1010.2,988,8.8,3.2,8.9,14,77,64,0.41G,999.9,10000
20150419,70.1,57.9,1008,985.4,7.7,3.7,21,38.1,89.6*,53.6*,0.57G,999.9,110010
20150420,66.5,42.3,1013.7,990.6,10,6.3,12,20,89.1,54,0.00G,999.9,0
20150421,65.7,50.3,1014.8,991.5,10,3.4,8,17.1,81,51.1,0.00G,999.9,0
20150422,71.8,64.5,1012.1,989.2,9.6,5.8,13,20,79.0*,66.2*,0.00G,999.9,0
20150423,73.8,68.3,1011.1,988.2,8.2,3.5,7,999.9,84.9,66.9,0.00G,999.9,0
20150424,76.4,71.1,1008.9,986.8,7.6,5.1,9.9,18.1,84.9,68,0.21G,999.9,10010
20150425,79.6,65.4,1006.4,984,7.2,3.2,8.9,14,93,69.1,0.26G,999.9,10010
20150426,76.4,67.5,1003.9,981.8,8.8,5.7,15,21,93,69.1,0.04G,999.9,10010
20150427,73.3,62.9,1002.8,980.4,9.2,5,15,32.1,86,63,0.64G,999.9,10010
20150428,63.6,53.1,1012.3,989.5,10,6.8,12,22.9,84.9,57.9,0.56G,999.9,0
20150429,61.2,45.5,1018.2,994.4,10,5.7,8,17.1,77,48.9,0.00G,999.9,0
20150430,65.9,47.6,1015.6,992.2,9.9,1.8,5.1,999.9,82.9,48.9,0.00G,999.9,0
20150501,69.7,51.7,1016.1,992.9,10,1.3,6,999.9,84,50,0.00G,999.9,0
20150502,71.3,53,1017,993.9,10,3.6,8.9,17.1,84,55,0.00G,999.9,0
20150503,71.1,56.8,1015.4,992.3,10,4.5,11.1,19,84,57.9,0.00G,999.9,0
20150504,73.8,63,1015.7,992.9,9.5,7.1,13,20,84,57.9,0.00G,999.9,0
20150505,73.4,63.3,1014.4,991.4,9.9,7.3,13,21,84,66,0.00G,999.9,10010
20150506,75.3,69.5,1011.9,989.6,6.7,6,11.1,18.1,87.1,66,3.85G,999.9,110010
20150507,76.1,69.8,1011,988.2,9.5,7.5,14,22.9,87.1,71.1,0.01G,999.9,10000
20150508,76.1,71.8,1011.1,988.2,6.4,6.3,11.1,17.1,82.9,73,0.02G,999.9,10010
20150509,76.7,71,1009.2,986.8,7.8,6.6,15,22.9,84.9,72,0.29G,999.9,10010
20150510,79.8,70.4,1008.7,986.1,9,9.1,13,25.1,87.1,72,0.02G,999.9,0
20150511,74.9,68.7,1012.8,990.2,8,4.4,8.9,17.1,87.1,68,0.00G,999.9,10010
20150512,67.6,64.1,1019.6,996.5,8.5,5,8.9,15.9,71.6*,64.9*,0.40G,999.9,10000
20150513,67.3,66.1,1018.3,995.4,6.5,4.4,11.1,22.9,70,64,0.23G,999.9,110010
20150514,73.7,69.4,1016.2,993.5,6.9,3.7,9.9,17.1,87.1,64,1.13G,999.9,10000
20150515,73.2,69.6,1013.4,991,8.7,3.9,7,999.9,87.1,68,0.09G,999.9,10010
20150516,74.4,68.7,1010.5,987.9,9.4,6.5,13,22,87.1,66.9,0.34G,999.9,0
20150517,74.6,69.2,1011.6,989.3,7.6,6.7,19,28.9,87.1,66,1.63G,999.9,10010
20150518,78.1,71.8,1016,993.4,8.9,2.8,8,999.9,88,66,0.97G,999.9,10000
20150519,79.3,72.1,1014.8,992.4,8.8,6.2,11.1,21,89.1,73,0.00G,999.9,10000
20150520,79.4,71,1012.8,990.2,9.5,5,11.1,19,89.1,72,0.00G,999.9,10010
20150521,70.6,66.4,1017.4,994.1,8.5,4.4,9.9,21,89.1,63,0.35G,999.9,10010
20150522,67.4,64.6,1018.8,995.4,6.6,3.1,7,999.9,77,62.1,0.02G,999.9,10000
20150523,75.6,71.3,1016.1,993.9,8,6.1,17.1,28,87.1,62.1,0.03G,999.9,110010
20150524,72.4,69.4,9999.9,988.7,6,3.4,7,22.9,80.1*,64.0*,1.41G,999.9,110010
20150525,73.7,69.9,1011.1,987.9,8.7,5.3,13,25.1,82,66,0.76G,999.9,110010
20150526,72.9,69,1013.2,990.2,7.4,3,8.9,15.9,89.1,66,5.20G,999.9,10010
20150527,76.2,70.8,1015.6,993,9.5,4.7,8.9,17.1,89.1,66,0.00G,999.9,10010
20150528,78.1,72.7,1015.5,993,8.9,4.8,8.9,18.1,87.1,66.9,0.00G,999.9,10010
20150529,76.1,67.4,1013.1,990.6,9,4.3,9.9,28.9,89.1,64,0.87G,999.9,10010
20150530,77.2,68.3,1015.2,992.4,9.9,2.7,7,999.9,89.1,64,0.67G,999.9,10010
20150531,74.3,65.2,1017.6,994.6,10,1.9,8,999.9,88,66.9,0.00G,999.9,0
20150601,75.7,64.7,1016.9,994,10,1.4,5.1,999.9,88,64,0.00G,999.9,0
20150602,78.7,66.3,1015.2,992.5,10,2.1,6,999.9,90,64,0.00G,999.9,0
20150603,78.5,65.9,1012.4,989.9,10,3,7,14,90,66.9,0.00G,999.9,0
20150604,79,66.2,1013.2,990.7,10,3.5,8,999.9,89.1,66.9,0.00G,999.9,0
20150605,79.4,67.4,1015.3,992.8,10,3.6,8,999.9,90,68,0.00G,999.9,0
20150606,80.3,67.7,1014.9,992.3,10,2.5,7,999.9,90,69.1,0.00G,999.9,0
20150607,80.3,66.9,1013.7,991.1,10,3.1,7,14,91,70,0.00G,999.9,0
20150608,82,67.5,1013.9,991.4,10,2.5,5.1,999.9,93,70,0.00G,999.9,0
20150609,83.4,66.9,1012.7,990.2,10,2.8,5.1,999.9,95,71.1,0.00G,999.9,0
20150610,83.5,67.7,1010.2,987.9,10,3.1,7,999.9,95,72,0.00G,999.9,0
20150611,82.6,69.4,1008.8,986.5,10,5.5,8.9,15.9,93.9,72,0.00G,999.9,0
20150612,83.1,72.1,1008.8,986.5,10,6.1,11.1,20,93.9,73,0.00G,999.9,0
20150613,82.5,72.1,1009.8,987.4,10,5.6,11.1,26,95,75,0.01G,999.9,0
20150614,77.6,73,1010.9,988.4,9.1,5.5,12,19,95,72,0.35G,999.9,110010
20150615,79,73.6,1012.1,989.7,9.4,3.5,8,15.9,89.1,72,1.05G,999.9,10010
20150616,77.6,72.3,1012,989.5,9,4.6,9.9,20,89.1,73.9,0.14G,999.9,110010
20150617,76.8,72.7,1010.4,987.2,8.3,5.2,11.1,22,89.1,72,1.86G,999.9,110010
20150618,78.7,73.7,1013.2,990.5,9.8,3.3,7,999.9,90,72,2.13G,999.9,10010
20150619,77.2,73.1,1015.6,993,9.3,1.1,5.1,15.9,90,71.1,0.00G,999.9,110010
20150620,77.6,74.1,1015.7,993,9,2.6,8.9,22.9,84,71.1,1.09G,999.9,110010
20150621,77.2,74.2,1016.1,993.4,8.7,3.5,8.9,15,86,72,0.50G,999.9,110010
20150622,78.4,73.5,1017.4,994.8,9.3,3.5,11.1,25.1,89.1,72,0.92G,999.9,10000
20150623,81.3,73.5,1018.6,996,10,5.2,8.9,17.1,91.9,72,0.00G,999.9,10010
20150624,81.5,72.9,1019.5,996.7,10,2.4,5.1,999.9,91.9,73.9,0.00G,999.9,10010
20150625,81.9,72.1,1017.8,995.3,10,3,6,999.9,93,73,0.00G,999.9,0
20150626,83.5,72.7,1014.8,992.4,10,4.8,7,14,93,73,0.00G,999.9,0
20150627,81,72.9,1015,992.5,9.8,2.2,7,999.9,93,73.9,0.00G,999.9,10010
20150628,80.5,72.8,1015.6,992.9,9.7,1.2,7,15,91,73,0.09G,999.9,10010
20150629,81.6,72.3,1014.7,992.1,9.5,3.3,8,999.9,93,73,0.08G,999.9,0
20150630,81.5,73,1015.1,992.7,8.3,4.1,12,22.9,93.9,73,0.00G,999.9,110010
20150701,77.3,71.8,1016.2,993.5,9.8,3.1,8,20,93.9,71.1,0.75G,999.9,10000
20150702,78.5,70.2,1015.3,992.5,9.7,4.7,9.9,19,91,70,0.00G,999.9,0
20150703,82.2,72.4,1013.9,991.5,9.4,5.2,7,15.9,91,70,0.00G,999.9,0
20150704,82.8,72.5,1013.8,991.5,10,5.3,8.9,18.1,91.9,75.9,0.00G,999.9,0
20150705,82.4,72.7,1014.9,992.5,9.9,6.2,13,20,91.9,75.9,0.00G,999.9,0
20150706,82.9,72.1,1015,992.6,9.6,7.4,13,25.1,91,75.9,0.00G,999.9,0
20150707,82.8,72.8,1013.9,991.4,9.8,6.6,11.1,20,91,77,0.00G,999.9,0
20150708,82.5,72,1014.4,991.9,9,6.7,9.9,21,91,78.1,0.00G,999.9,0
20150709,83.2,70.9,1015.7,993.4,9.1,7.2,11.1,22.9,93,77,0.00G,999.9,0
20150710,82.5,69.5,1016.6,994.5,9.4,5.8,9.9,19,93.0*,73.4*,0.00G,999.9,0
20150711,82.5,69.4,1018.4,995.9,9.8,4.5,8,17.1,93.9,73,0.00G,999.9,0
20150712,83.8,71,1017.7,995.2,10,4.4,7,999.9,93.9,73,0.00G,999.9,0
20150713,84.7,70.8,1013.9,991.5,10,4.9,8,17.1,96.1,73.9,0.00G,999.9,0
20150714,84.3,69.3,1011,988.6,10,4.8,7,999.9,97,73.9,0.00G,999.9,0
20150715,84,69.3,1011.8,989.6,10,4.9,8,15.9,97,73.9,0.00G,999.9,0
20150716,83.9,69.6,1013.2,990.9,9.8,5.3,8.9,17.1,95,73.9,0.00G,999.9,0
20150717,85.2,71.1,1013.2,990.8,10,5.6,8,17.1,96.1,73.9,0.00G,999.9,0
20150718,86,72.4,1013.8,991.4,10,6.2,9.9,19,98.1,75.9,0.00G,999.9,0
20150719,86.1,72,1014.6,992.3,10,5.4,8.9,18.1,98.1,75.9,0.00G,999.9,0
20150720,85.4,70.8,1013.2,990.9,10,4,8,15,97,73.9,0.00G,999.9,0
20150721,85.7,70,1011.4,989.1,10,5.1,8,999.9,97,73.9,0.00G,999.9,0
20150722,85.9,70.7,1011.2,988.9,10,5.6,8,15.9,97,75,0.00G,999.9,0
20150723,86.3,70.5,1013,990.8,10,5.8,8.9,20,99,77,0.00G,999.9,0
20150724,86.4,70.4,1014.6,992.4,10,5.5,8.9,15.9,99,77,0.00G,999.9,0
20150725,86,70.3,1013.5,991.3,10,4.2,8.9,17.1,99,75,0.00G,999.9,0
20150726,86.5,71.4,1011.6,989.4,9.5,4.6,7,14,98.1,75,0.00G,999.9,0
20150727,87,71.4,1011.3,989.2,9.1,4.4,8,15,100,75.9,0.00G,999.9,0
20150728,87,71.1,1012.6,990.4,9.5,6.1,11.1,17.1,100,77,0.00G,999.9,0
20150729,86.8,70.5,1014.6,992.4,10,5.4,11.1,22,100.9,75.9,0.00G,999.9,0
20150730,88.8,66.3,1016.1,993.8,10,2.7,7,999.9,100.9,75,0.00G,999.9,0
20150731,90,67.8,1014.8,992.6,10,2.6,7,999.9,102,75,0.00G,999.9,0
20150801,87.7,62.2,1014.1,991.8,10,3,7,15,102,73,0.00G,999.9,0
20150802,87.1,61.3,1012.1,989.8,10,1.7,8,999.9,100,73,0.00G,999.9,0
20150803,87.3,63.4,1011,988.8,10,3.4,7,999.9,100,75,0.00G,999.9,0
20150804,87.2,68.9,1012,989.9,10,4.8,9.9,19,100,75,0.00G,999.9,0
20150805,88.4,70.5,1013,990.9,10,5.6,8,19,100.9,77,0.00G,999.9,0
20150806,87.9,70.1,1011.5,989.6,10,6.2,9.9,19,102,77,0.00G,999.9,0
20150807,88.1,69.7,1011,988.9,10,5.6,8,17.1,102,75.9,0.00G,999.9,0
20150808,88.3,70.8,1010.9,988.9,10,5.2,8.9,15.9,102.0*,78.1*,0.00G,999.9,0
20150809,88.3,69,1011.9,989.9,10,5.6,8,18.1,102.0*,77.0*,0.00G,999.9,0
20150810,88.5,67.6,1012.2,990.1,9.3,3.7,7,999.9,102.9*,75.0*,0.00G,999.9,0
20150811,91.4,63,1011.3,989.1,10,3.8,6,999.9,96.1*,87.1*,0.00G,999.9,0
20150812,100.7,67,1014.1,992,10,3.9,8,17.1,102.9*,98.1*,0.00G,999.9,0
20150813,90.9,67.4,1014,991.9,10,2.4,8.9,999.9,105.1,78.1,0.00G,999.9,0
20150814,89.8,69.3,1014,991.8,10,3,5.1,999.9,104,78.1,0.00G,999.9,0
20150815,88.4,67.4,1014.3,992.1,10,2.8,7,999.9,100.9,78.1,0.00G,999.9,10010
20150816,86.2,65.2,1013.5,991.2,9.9,3.2,6,999.9,98.1,75,0.00G,999.9,0
20150817,85.2,67.8,1012.9,990.6,10,3.4,8.9,15,98.1,73.9,0.00G,999.9,0
20150818,86.7,69.1,1010.1,988,10,6,9.9,20,99,73.9,0.00G,999.9,0
20150819,86.4,71.2,1008.1,985.9,10,5.8,8,17.1,99,75.9,0.00G,999.9,0
20150820,80.4,70.4,1012.3,989.9,9.6,3.8,11.1,19,99,73.9,0.00G,999.9,10010
20150821,77.6,71.2,1013.6,991,8.6,2.7,8,999.9,91.9,72,0.35G,999.9,10000
20150822,84.9,71.2,1012.4,990.1,10,5.6,8.9,19,99,72,0.00G,999.9,0
20150823,87.1,72,1013.6,991.4,10,4.5,8,15.9,100.9,75,0.00G,999.9,0
20150824,88.1,68.6,1015.8,993.5,10,2.8,6,999.9,100.9,75.9,0.00G,999.9,0
20150825,87.6,68.2,1015.8,993.5,10,2.8,8.9,17.1,100.9,75.9,0.00G,999.9,0
20150826,83.5,68,1017.4,994.9,10,1.9,7,999.9,100.9,73,0.00G,999.9,0
20150827,85.6,65.7,1016.6,994.1,10,2.8,6,999.9,98.1,73,0.00G,999.9,0
20150828,84.3,59.4,1014.3,991.9,10,3.5,8.9,999.9,98.1,72,0.00G,999.9,0
20150829,83,63.1,1015,992.6,10,3.2,7,15.9,98.1,71.1,0.00G,999.9,0
20150830,84.1,63.8,1014.8,992.4,10,3.8,7,999.9,96.1,71.1,0.00G,999.9,0
20150831,83.1,66.7,1014.4,991.9,10,3,11.1,19,96.1*,73.4*,0.00G,999.9,0
20150901,81.9,69.4,1014.9,992.5,10,4.6,11.1,20,97,73.9,0.00G,999.9,0
20150902,80.9,66.2,1015.4,993,10,3.6,8,15.9,93.0*,71.6*,0.00G,999.9,0
20150903,82.1,67.9,1012.6,990.2,10,2.9,7,15.9,95,71.1,0.00G,999.9,0
20150904,85.1,70.7,1011.3,989.3,10,4.7,8.9,17.1,100,73,0.00G,999.9,0
20150905,86,72.3,1013.1,991,10,5.7,12,21,100.9,75,0.00G,999.9,0
20150906,86.5,71.2,1013.8,991.4,9.9,5.2,8.9,18.1,100.9,75.9,0.01G,999.9,0
20150907,87.7,70.1,1012.7,990.5,10,4.5,8.9,14,100,75.9,0.00G,999.9,0
20150908,87.1,70.1,1011.3,989.2,10,4.7,8,18.1,100,75.9,0.00G,999.9,0
20150909,84.2,71.3,1011,988.8,10,3.8,8.9,15.9,99,75.9,0.00G,999.9,0
20150910,80.6,73.4,1011.9,989.5,8.3,1.8,12,22,96.1,72,1.05G,999.9,110010
20150911,80.2,72.8,1012.2,989.6,8.3,2.3,7,15.9,96.1,72,0.79G,999.9,0
20150912,79.7,62.5,1015.9,993.3,10,4.4,8.9,14,93,71.1,0.00G,999.9,0
20150913,77.1,49.3,1016.6,993.7,10,3.1,7,14,91,63,0.00G,999.9,0
20150914,76.7,55.6,1016.1,993.2,10,4.5,9.9,14,91,63,0.00G,999.9,0
20150915,79.9,68.1,1015.7,993.2,9.8,4.4,9.9,18.1,95,64,0.00G,999.9,0
20150916,80.8,71.6,1016.9,994.4,9.4,4.9,8,17.1,95,73,0.00G,999.9,10000
20150917,83,70.6,1014.9,992.5,10,4.7,8.9,14,96.1,75,0.04G,999.9,0
20150918,83.8,69.5,1011.5,989.2,10,4.7,9.9,15,96.1,75,0.00G,999.9,0
20150919,83,67.8,1011.8,989.7,10,3.8,8.9,15,96.1,73.9,0.00G,999.9,0
20150920,81.3,62.4,1014.2,991.7,999.9,2.6,6,999.9,96.1,69.1,0.00G,999.9,0
20150921,83.3,63.9,1014.2,991.6,999.9,3,6,999.9,95,69.1,0.00G,999.9,0
20150922,82.7,63.3,1015,992.5,999.9,2.6,8.9,999.9,97,70,0.00G,999.9,0
20150923,81.7,63.2,1015.5,992.9,10,2.4,6,999.9,97,68,0.00G,999.9,0
20150924,81,57.9,1015.1,992.5,10,2,8.9,999.9,95,68,0.00G,999.9,0
20150925,80.3,62,1015.7,993.1,10,1.8,8,15.9,96.1,69.1,0.00G,999.9,10010
20150926,79.9,61.3,1014,991.4,10,2.4,7,15,96.1,68,0.00G,999.9,0
20150927,79.5,57.4,1011.7,989.1,10,1.2,7,15.9,95,66.9,0.00G,999.9,0
20150928,77.7,63.2,1010.3,987.7,9.8,3.1,8,14,95,66.9,0.00G,999.9,0
20150929,78.9,63.9,1010.6,987.9,10,2,6,999.9,93.9,66.9,0.00G,999.9,0
20150930,82,62.3,1013.4,990.8,10,1.7,6,999.9,95,66.9,0.00G,999.9,0
20151001,81.5,60.4,1015.1,992.6,9.7,2.5,7,999.9,95,69.1,0.00G,999.9,0
20151002,77.4,53,1015.2,992.6,10,4.2,7,999.9,93.9,66.9,0.00G,999.9,0
20151003,72,42.6,1011.9,989,10,2.8,7,999.9,89.1,55.9,0.00G,999.9,0
20151004,73,46.6,1013.4,990.5,10,2,6,999.9,87.1,55.9,0.00G,999.9,0
20151005,75.1,50.7,1016.1,993.3,10,2,6,999.9,87.1,59,0.00G,999.9,0
20151006,75,53.4,1018.4,995.4,10,2.4,5.1,999.9,90,63,0.00G,999.9,0
20151007,75.7,55.8,1016.7,993.8,10,1.5,8,999.9,91,62.1,0.00G,999.9,0
20151008,78.7,63.5,1015.5,992.9,10,2.9,6,999.9,91,62.1,0.00G,999.9,0
20151009,79.2,63.8,1017.6,994.9,10,2.1,6,999.9,91,68,0.00G,999.9,0
20151010,78,60.1,1020,997.2,10,3.3,7,999.9,90.0*,66.9*,0.00G,999.9,0
20151011,78.5,60.2,1014.9,992.1,10,2.2,8.9,15,95,64,0.00G,999.9,0
20151012,82.5,65.3,1008.6,986.1,9.5,4.8,8.9,17.1,99,64,0.00G,999.9,0
20151013,83.7,48.6,1013.2,990.6,10,5.3,9.9,17.1,99,72,0.00G,999.9,0
20151014,76.1,40.8,1016.6,993.8,9.5,2.1,8,999.9,96.1,60.1,0.00G,999.9,0
20151015,78.1,53.2,1017.4,994.7,9.9,3.5,7,15,96.1,60.1,0.00G,999.9,0
20151016,76.5,56.5,1020.2,997.3,10,2.9,8.9,999.9,95,62.1,0.00G,999.9,0
20151017,74.2,49.2,1022.9,999.9,10,3.1,6,999.9,90,62.1,0.00G,999.9,0
20151018,71.1,37.7,1025,1001.7,10,3,5.1,999.9,88,57,0.00G,999.9,0
20151019,69.7,42.1,1023.2,999.9,10,2.6,7,999.9,86,54,0.00G,999.9,0
20151020,71.3,54.5,1019,995.9,10,3.7,8.9,15,87.1,54,0.00G,999.9,0
20151021,77.1,67.6,1017.2,994.3,10,6.4,11.1,17.1,87.1,57.9,0.00G,999.9,10000
20151022,74.8,69.8,1014.7,992.1,8.2,5.3,9.9,20,86,70,0.08G,999.9,10000
20151023,75.9,72,1011.8,989.1,8,5,13,28,82,70,0.21G,999.9,10010
20151024,70.1,68.5,1011.7,988.7,5.8,7.1,12,22,75.9*,64.4*,2.68G,999.9,10000
20151025,60.6,58.2,1016.2,992.5,8.3,8.8,12,25.1,75.9,57,2.80G,999.9,10000
20151026,65.9,54.4,1015.5,992.2,10,6.3,9.9,19,79,57,0.26G,999.9,0
20151027,68.6,53.7,1011.6,988.4,10,3.1,5.1,999.9,84,57.9,0.00G,999.9,0
20151028,69.2,50.8,1009.8,986.8,10,3.6,12,22.9,84,57.9,0.00G,999.9,0
20151029,64.9,51.3,1012.5,989.2,10,1.7,8,999.9,82,51.1,0.00G,999.9,0
20151030,71.5,67.7,1008.9,984.4,6.2,7.4,25.1,35.9,75.0*,66.2*,0.33G,999.9,110010
20151031,71.5,67.1,1005.9,983,8.4,5.5,12,24.1,77,64.9,5.49G,999.9,10010
20151101,66.3,57.6,1013.4,990.3,9.8,2.3,5.1,999.9,77,59,0.05G,999.9,10000
20151102,65.6,57.9,1014.5,991.4,7.2,2.5,8.9,999.9,79,57,0.02G,999.9,100000
20151103,66.6,57.7,1015.3,992.3,8.4,2,8,999.9,80.1,57,0.00G,999.9,100000
20151104,68.5,62,1016,992.9,9.5,3.3,7,999.9,80.1,57,0.00G,999.9,10000
20151105,76.2,70.6,1014,991.4,8.8,4.9,11.1,18.1,84.9,61,0.00G,999.9,10000
20151106,69.8,57.9,1017.2,994,10,3.3,7,17.1,84.9,59,0.05G,999.9,10000
20151107,59.6,54.3,1019.9,996.5,9.5,5.1,11.1,20,75.9,55.9,0.11G,999.9,110000
20151108,59.6,44.3,1023.3,999.7,10,5.8,14,24.1,71.1,53.1,0.44G,999.9,0
20151109,60.2,47.7,1020.6,996.9,10,0.9,4.1,999.9,73,52,0.00G,999.9,0
20151110,66.5,59.5,1017.9,994.3,10,2.4,6,999.9,73.9,52,0.00G,999.9,0
20151111,75.4,68.6,1011.4,988.7,10,6.1,9.9,20,84.9,60.1,0.00G,999.9,0
20151112,65.9,37.1,1019.6,996.4,10,6.4,9.9,18.1,84.9,55.9,0.00G,999.9,0
20151113,61.3,38.4,1024.8,1001,10,2.9,5.1,999.9,71.1,55.9,0.00G,999.9,0
20151114,58.4,44.1,1026,1002.1,9.8,2.3,5.1,999.9,64.9,55,0.00G,999.9,10000
20151115,59.6,50.8,1023.5,999.8,10,2.4,7,999.9,70.0*,53.6*,0.01G,999.9,10000
20151116,68.7,65.2,1013.3,990.4,8.5,5.5,9.9,18.1,75,54,0.00G,999.9,10000
20151117,65.9,58.8,1003.5,980.6,9.2,5.6,12,26,75,53.1,0.01G,999.9,10000
20151118,55.2,43.1,1009.9,986.2,10,2,6,999.9,72.0*,44.1*,1.03G,999.9,0
20151119,60.2,44.8,1016.5,992.9,10,1.1,5.1,999.9,79,43,0.00G,999.9,0
20151120,62.9,51.8,1018.5,995,10,2.8,8.9,15,79,46,0.00G,999.9,0
20151121,61.5,49.3,1018.4,994.4,9.8,5.8,15,28.9,77,52,0.00G,999.9,0
20151122,45.5,27.3,1027,1002.6,10,2.9,8.9,15,66,34,0.00G,999.9,0
20151123,45.3,31.9,1025.8,1001.2,10,1,5.1,999.9,63,32,0.00G,999.9,0
20151124,55.1,44.6,1022,998,10,2.9,7,999.9,64.0*,48.0*,0.00G,999.9,0
20151125,65.8,59.6,1017.9,994.4,10,3.4,8.9,20,73.9*,62.1*,0.00G,999.9,10000
20151126,70.2,66,1018.9,995.5,9.1,6,8.9,18.1,73.9,62.1,0.00G,999.9,10000
20151127,68.1,66.8,1019.1,995.7,6,6.2,12,18.1,73.9,46,1.13G,999.9,110000
20151128,41.7,39.3,1023.7,999.2,8,6.5,9.9,18.1,45.0*,39.0*,0.81G,999.9,10000
20151129,43.5,41.2,1022.6,998.2,8,3.5,8,999.9,46.9,39,0.05G,999.9,10000
20151130,47.9,44.7,1018.5,994.2,8.9,2.4,5.1,999.9,55,42.1,0.02G,999.9,0
20151201,51,43.1,1017.9,993.8,10,2.2,5.1,999.9,59,45,0.00G,999.9,0
20151202,52.4,41.6,1019.9,995.9,9.9,2,8,999.9,68,42.1,0.00G,999.9,100000
20151203,51.2,36.2,1027.4,1003.2,10,2.1,5.1,999.9,68,39.9,0.00G,999.9,0
20151204,48.2,37.8,1030.6,1006.1,10,1,5.1,999.9,63,37,0.00G,999.9,0
20151205,49.1,38.5,1030.9,1006.4,10,1.7,7,999.9,64.9,37,0.00G,999.9,0
20151206,53.6,44.9,1029.6,1005.3,10,1.6,8,999.9,70,37,0.00G,999.9,0
20151207,54.5,43.9,1026.5,1002.4,9.7,1.4,4.1,999.9,70,44.1,0.00G,999.9,0
20151208,55.6,46,1018.4,994.5,9.8,2.1,8,15.9,75,42.1,0.00G,999.9,0
20151209,60.6,47.8,1015.7,992.1,9.9,1.7,5.1,999.9,75.9,42.1,0.00G,999.9,0
20151210,63.9,55.4,1011.5,988.1,8.7,3.2,8,999.9,78.1,46.9,0.00G,999.9,0
20151211,63.6,58.4,1009.3,986.2,6.4,3.8,8.9,15.9,79,51.1,0.00G,999.9,100000
20151212,71.2,66.5,1008.4,985.5,9.1,7.5,11.1,26,73.9*,69.8*,0.00G,999.9,10000
20151213,59.8,56.6,1005.4,982.1,8.7,5.6,15.9,32.1,75,50,1.52G,999.9,10000
20151214,56.3,41.3,1008.5,984.8,10,2.3,8,999.9,75,42.1,0.03G,999.9,0
20151215,61.4,54.4,1006.8,983.3,10,3.4,7,14,75,42.1,0.00G,999.9,0
20151216,60.6,36.6,1011.6,987.6,9.9,6.6,11.1,21,68.0*,55.9*,0.00G,999.9,0
20151217,51.1,31.4,1017,993,10,2.5,5.1,999.9,68,39,0.00G,999.9,0
20151218,47.9,28.6,1026.5,1002.1,10,4,9.9,21,68,34,0.00G,999.9,0
20151219,48.1,36.6,1029.6,1005,10,2.3,7,999.9,66,34,0.00G,999.9,0
20151220,57,52,1024.6,999.1,9.6,4.2,11.1,20,66.2*,51.1*,0.00G,999.9,10000
20151221,67.3,62.1,1014.5,991.2,9.3,2.8,8,999.9,75.9,51.1,0.00G,999.9,0
20151222,61.5,52.5,1009.5,986.2,10,3,8,15.9,79,48.9,0.00G,999.9,0
20151223,71.5,57,1000.5,977.6,9.3,4.4,11.1,20,80.1*,64.0*,0.00G,999.9,0
20151224,62.1,51.5,1008,984.8,9.7,0.6,7,999.9,81,52,0.00G,999.9,0
20151225,61.5,54,1013.6,990.6,8.8,1.7,6,999.9,68,51.1,0.00G,999.9,0
20151226,71.7,66.9,1008.1,985.5,8.5,6.3,11.1,27,78.1,51.1,0.00G,999.9,0
20151227,57.9,54.9,1003.5,980.5,9.1,9.5,18.1,28.9,78.1,42.1,0.28G,999.9,10010
20151228,39.6,31.5,1012.3,987.2,10,8.6,15.9,29.9,45.0*,36.0*,1.14G,999.9,10000
20151229,41.4,33.4,1017.8,993.2,10,2,6,999.9,48.9,36,0.00G,999.9,0
20151230,48.2,42.2,1022.4,998,6.9,3.4,6,999.9,55.9*,44.1*,0.03G,999.9,10000
20151231,46.1,39.1,1025.7,1001.2,10,3.7,8.9,15,57,39,0.00G,999.9,0
20160101,46.7,35.2,1030.7,1006.3,999.9,7.6,11.1,20,51.1,44.1,0.00G,999.9,10000
20160102,44.8,31.7,1031.4,1006.6,999.9,3,6,999.9,46.9,42.1,0.00G,999.9,10000
20160103,47.8,41,1026.7,1002.1,999.9,2.6,7,999.9,62.1,42.1,0.20G,999.9,10000
20160104,47,31.5,1026.6,1002.2,10,3.2,7,999.9,57.9,37,0.00G,999.9,0
20160105,44.5,34.4,1026.1,1001.5,10,1.9,6,999.9,55.9,36,0.00G,999.9,0
20160106,48.8,42.9,1021.6,996.6,7,3.5,6,999.9,53.1,46,0.00G,999.9,10000
20160107,55.2,50.2,1012.5,989.2,4.4,1.4,7,999.9,73,48.9,0.13G,999.9,110010
20160108,54.6,50.3,1008.9,985.3,7.7,1.9,7,999.9,66,44.1,0.00G,999.9,0
20160109,51.6,39.6,1013.1,989.1,9.9,6.2,12,22.9,61,43,0.00G,999.9,10010
20160110,40.3,26.9,1025.4,1000.7,10,4.7,9.9,19,50,33.1,0.00G,999.9,0
20160111,42.4,26.9,1024.9,1000.2,10,1.5,4.1,999.9,55.9,34,0.00G,999.9,0
20160112,47,33.4,1025.3,1000.9,10,1.9,8,999.9,66,34,0.00G,999.9,0
20160113,50.8,38.1,1023.2,998.7,10,1.8,7,999.9,66,37.9,0.00G,999.9,0
20160114,55.4,46,1015,990.8,10,2.5,7,15,70,46.9,0.00G,999.9,0
20160115,59.2,43.3,1008.2,984.8,10,3.2,7,999.9,70,51.1,0.00G,999.9,0
20160116,50.8,37,1010.9,987.2,10,2.1,11.1,25.1,64,43,0.00G,999.9,10000
20160117,44.6,32.3,1021.7,997.2,10,4.2,9.9,24.1,57,32,0.00G,999.9,0
20160118,46.1,35,1025.8,1001.4,10,1.4,5.1,999.9,59,36,0.00G,999.9,0
20160119,51.8,43.9,1023.5,999.2,8.1,3.9,11.1,20,69.1,43,0.00G,999.9,0
20160120,52.8,40,1021.4,996.9,10,3.4,8,15,64.9,45,0.00G,999.9,0
20160121,55.9,46.5,1015.6,991.5,7.3,4.9,15,26,64.0*,51.1*,0.00G,999.9,10000
20160122,45.2,29.6,1024.9,1000.6,10,7.3,13,22.9,55.9,37,0.01G,999.9,0
20160123,43.2,29.5,1026.5,1001.8,10,2.5,5.1,999.9,57,30.9,0.00G,999.9,0
20160124,49.8,36.5,1018.9,994.5,10,3.8,9.9,20,70,35.1,0.00G,999.9,0
20160125,62.8,52.2,1013,989.6,10,4.4,8.9,19,73.9*,55.9*,0.00G,999.9,0
20160126,53.3,35.6,1020.2,996.4,10,7.3,14,21,69.1,46.9,0.00G,999.9,10000
20160127,47.1,27.2,1026.6,1002.1,10,5.8,12,20,59,37.9,0.00G,999.9,0
20160128,47.9,29.7,1023.1,998.6,10,2,7,999.9,71.1,32,0.00G,999.9,0
20160129,56.2,34.9,1018.2,994.2,10,3,11.1,21,75.9,37.9,0.00G,999.9,0
20160130,60.5,41.1,1012.4,988.8,10,4.6,8.9,20,77,46,0.00G,999.9,0
20160131,67.6,54.6,1009,985.9,10,5,8.9,17.1,86,57.9,0.00G,999.9,0
20160201,64.1,52.6,1007.9,984.8,7.8,4.7,14,22.9,77,54,0.00G,999.9,100000
20160202,64,34.2,1006.3,983,9.3,6.9,11.1,22.9,73.9,54,0.00G,999.9,0
20160203,51.2,25.9,1018.6,994.8,10,5.8,13,20,60.1*,39.9*,0.00G,999.9,0
20160204,45.3,23.1,1030.4,1005.8,10,2.7,5.1,999.9,59,34,0.00G,999.9,0
20160205,46.2,25.5,1030,1005.3,10,2.8,13,19,62.1,33.1,0.00G,999.9,0
20160206,52.5,31.1,1027.4,1003.1,10,6.7,13,25.1,61,45,0.00G,999.9,10010
20160207,47.5,32.7,1025.6,1001,9.5,2.7,9.9,17.1,68,32,0.00G,999.9,0
20160208,54,23.3,1025.6,1001.6,10,6.9,14,22,64.9,46,0.00G,999.9,0
20160209,53,23.7,1027.2,1002.9,10,5.5,8.9,19,73.9,39,0.00G,999.9,0
20160210,55.7,32.6,1026.7,1002.6,10,2,5.1,999.9,73.9,37.9,0.00G,999.9,0
20160211,65.1,35.1,1020.5,996.9,10,4.5,9.9,15.9,82.9,52,0.00G,999.9,0
20160212,63.9,43.2,1021.6,998.1,10,2.5,8,999.9,79,46.9,0.00G,999.9,0
20160213,62.8,43.9,1025.3,1001.6,10,5,9.9,18.1,75,52,0.00G,999.9,0
20160214,63.1,54.2,1016.4,993,10,6,8.9,20,75,57,0.00G,999.9,0
20160215,65.1,51.4,1011.6,988.1,10,4.7,12,18.1,73.9,57.9,0.00G,999.9,0
20160216,61.3,40.3,1014.4,990.9,10,2.3,8,999.9,82,43,0.00G,999.9,0
20160217,63,32.8,1021.3,997.9,10,4.6,8.9,999.9,75,50,0.00G,999.9,0
20160218,64.2,49.5,1021.6,998.1,9.7,6.8,13,22,78.1*,53.6*,0.00G,999.9,0
20160219,69.2,56.7,1018.9,995.8,10,8.2,12,25.1,81,64,0.00G,999.9,0
20160220,69.3,61.8,1017.5,994.3,9.8,5.5,8.9,15.9,78.1,66,0.00G,999.9,0
20160221,68,62.5,1015.5,992.3,9.7,3.4,8,999.9,73,64.9,0.00G,999.9,10000
20160222,64.6,57.7,1013.5,990.4,9.7,2.8,7,999.9,72,57,0.01G,999.9,0
20160223,57.8,51.3,1006.5,982.7,8.6,7.4,18.1,32.1,68,51.1,1.33G,999.9,10010
20160224,51.9,31.6,1020.1,996.1,10,8.2,14,29.9,64.9,44.1,0.00H,999.9,10000
20160225,52.6,31.6,1024.7,1000.5,10,3,7,14,69.1,37.9,0.00G,999.9,0
20160226,52.5,28,1030.1,1005.9,10,3.7,7,999.9,64,41,0.00G,999.9,0
20160227,56.4,40.9,1025.3,1001.1,10,3.2,9.9,15.9,73,42.1,0.00G,999.9,0
20160228,63.1,53.5,1017.9,994.3,10,6.2,12,17.1,78.1,55,0.00G,999.9,0
20160229,67.9,58.7,1016.8,993.8,10,4.6,8,15,77,62.1,0.00G,999.9,0
20160301,70.5,58.8,1015.1,992,10,7,12,21,81,64.9,0.00G,999.9,0
20160302,63,40.3,1020.1,996.5,10,4.8,9.9,18.1,78.1,48.9,0.00G,999.9,0
20160303,72,54.9,1013.6,990.4,9.8,7.2,15,22,82.9,66,0.00G,999.9,0
20160304,62.8,35.7,1020.2,996.8,10,3.3,8,999.9,77,45,0.00G,999.9,0
20160305,65,50.8,1019.6,996.2,10,4.4,8.9,17.1,79,57,0.00G,999.9,0
20160306,65.3,55.9,1018.9,995.8,9.5,6.6,14,21,77,57.9,0.00G,999.9,0
20160307,68.3,61.1,1010.9,987.6,9.3,9.7,15,28,75.9,64,0.00G,999.9,10000
20160308,72,65.3,1005.1,982.8,9,9.1,13,26,82.9,68,0.01G,999.9,10000
20160309,63.5,60.1,1005.6,982.7,7.4,6.9,12,21,77,59,1.45G,999.9,10010
20160310,60.7,58.5,1010.7,987,7.4,5.8,13,22.9,64,57.9,1.25G,999.9,10000
20160311,63.8,60.9,1012.9,989.6,7.7,4.3,9.9,17.1,71.1,62.1,0.39G,999.9,10010
20160312,62.6,56.6,1012.9,989.5,9.9,2.3,6,999.9,73.9,57,0.07G,999.9,10000
20160313,68.1,51.2,1008.4,985.3,9,4.1,9.9,17.1,84.9,55.9,0.00G,999.9,0
20160314,72.8,47.4,1008.9,986,10,3.7,8.9,18.1,91.9,54,0.00G,999.9,0
20160315,76,59.7,1007.7,985.1,7.6,4.1,7,15,91.9,66.9,0.00G,999.9,0
20160316,71,49.9,1013.5,990.5,9.3,4.7,8.9,15.9,82.0*,61.0*,0.00G,999.9,0
20160317,71.4,66.3,1011.2,988.6,7.1,3.6,7,999.9,79,66.9,0.00G,999.9,10000
20160318,71.7,67.1,1008.9,985.9,6.6,3.3,5.1,999.9,79,68,0.02G,999.9,10010
20160319,57.1,42,1019.6,995.4,10,9.5,15,24.1,73.9,46.9,0.07G,999.9,10010
20160320,52.9,28.5,1028,1003.8,10,5.5,9.9,18.1,64,42.1,0.00G,999.9,0
20160321,50.9,31.9,1029.4,1005,10,2.9,9.9,14,68,35.1,0.00G,999.9,0
20160322,59.3,45.3,1020,996,10,6.3,13,24.1,77.0*,46.0*,0.00G,999.9,0
20160323,69.8,60.3,1009.7,986.9,10,8.6,11.1,22.9,80.1*,64.4*,0.00G,999.9,0
20160324,63.3,45.7,1014,989.6,9.1,7.9,14,25.1,75,51.1,0.20G,999.9,10010
20160325,56.6,39.8,1015,991.2,10,2.5,8,17.1,73,41,0.15G,999.9,0
20160326,60.5,50.1,1012,988.6,9.7,4.1,9.9,999.9,73.9,48,0.00G,999.9,0
20160327,65.6,55,1016.3,992.4,9.1,4,11.1,20,73.9,59,0.00G,999.9,10000
20160328,60.8,41.9,1019.8,996.1,10,3.5,7,999.9,75,48,0.00G,999.9,0
20160329,64.9,56.3,1014.6,990.8,7.1,4,8,14,71.1,57.9,0.00G,999.9,10000
20160330,70.6,68.4,1007.2,984.7,5,6.9,11.1,20,77,68,0.04G,999.9,10000
20160331,75.2,58.4,1004.3,981.5,6.9,4.1,7,999.9,86,66.9,0.01G,999.9,0
20160401,61.2,44.4,1010.8,988.8,9,7,11.1,19,80.1,52,0.18G,999.9,10010
20160402,57.1,38.7,1023.3,999.4,10,5,8,15,73.9,45,0.16G,999.9,0
20160403,60.1,41,1022.6,998.7,10,1.8,7,999.9,79,44.1,0.00G,999.9,0
20160404,66.7,44.7,1020.6,997.2,10,3.6,8.9,999.9,82.9,53.1,0.00G,999.9,0
20160405,67.7,48,1021.2,997.8,10,2.8,8.9,18.1,82,53.1,0.00G,999.9,0
20160406,69.3,48.4,1017.3,994,10,6.6,9.9,19,82,59,0.00G,999.9,0
20160407,66.8,43.4,1016.8,993.4,10,2.2,8,999.9,84.9,48,0.00G,999.9,0
20160408,68,43.9,1018.8,995.6,10,3.1,8,999.9,80.1,55,0.00G,999.9,0
20160409,67,49.3,1018.7,995.5,10,3.5,11.1,19,77,57.9,0.00G,999.9,10010
20160410,69.7,60.7,1014.6,991.4,10,6.9,11.1,20,79,64.9,0.02G,999.9,0
20160411,76,66.8,1011.3,988.6,10,6.2,12,25.1,89.1,70,0.00G,999.9,0
20160412,68.5,62.8,1016.6,993.5,9.1,5.5,9.9,20,82.9,64,0.00G,999.9,10010
20160413,63.9,60.4,1015.9,993,8.1,4.6,12,20,72,60.1,1.59G,999.9,10010
20160414,63.6,56.2,1015.3,992.3,7.3,3.5,7,999.9,77,54,0.40G,999.9,100000
20160415,65.4,57.5,1012,988.6,8.9,3.4,8,15,79,54,0.00G,999.9,0
20160416,68.7,64.1,1009.5,986.6,8.1,5.9,8.9,19,75.9,64,0.00G,999.9,10000
20160417,70.6,68.6,1011.9,989.1,5.1,6.9,12,24.1,77.0*,64.0*,0.28G,999.9,110010
20160418,67.8,65.6,1016.5,993.2,6.4,3.8,11.1,20,73.0*,64.4*,1.96G,999.9,10010
20160419,68.4,64.1,1017,994.2,6.7,1.9,6,999.9,81,62.1,0.48G,999.9,0
20160420,70.3,63.6,1014.2,991.5,9.2,2.7,14,27,81,60.1,0.00G,999.9,10010
20160421,69.3,61.8,1014,990.9,9,3.7,11.1,22,82.9,60.1,0.59G,999.9,10010
20160422,71.5,56.2,1017.6,994.4,10,3.7,8.9,999.9,84,60.1,0.40G,999.9,0
20160423,69.7,54.2,1017.6,994.4,10,1.4,7,999.9,82.9,55,0.00G,999.9,0
20160424,70.5,60.3,1012.4,989,10,5.2,8.9,18.1,79,63,0.00G,999.9,0
20160425,76.2,68.8,1008.1,985.3,9.5,5.6,8,17.1,88.0*,69.1*,0.00G,999.9,0
20160426,77.7,68.5,1005.5,982.9,9.2,7.6,12,22,86,72,0.00G,999.9,10010
20160427,74.8,60.3,1004.4,981.8,7.5,6,12,32.1,90,62.1,0.54G,999.9,10010
20160428,73.9,61.8,1007.8,985.2,9.2,3.9,8.9,15.9,87.1,63,0.00A,999.9,0
20160429,78.3,72.7,1005,982.5,6.3,7.3,12,20,84.2*,75.0*,0.00G,999.9,10000
20160430,76.2,68,1004.4,981.7,8.3,4,11.1,20,86,66,0.92G,999.9,110010
20160501,71.7,61.4,1010.5,987.7,10,5.1,8.9,17.1,81,66,0.00A,999.9,0
20160502,65,52,1016.5,993.8,10,7,8.9,19,73,57.9,0.00G,999.9,10010
20160503,64.1,48.9,1018.6,995,10,3.3,8.9,15.9,78.1,55,0.00G,999.9,0
20160504,69.3,50.4,1017.7,994.4,10,4.1,8.9,15.9,87.1,54,0.00G,999.9,0
20160505,74.3,51.7,1016.2,993.2,10,3.8,7,999.9,89.1,59,0.00G,999.9,0
20160506,72.1,53.7,1016.9,993.9,10,1.9,6,999.9,86,57,0.00G,999.9,0
20160507,72.7,56.7,1015.2,992.2,10,4.2,9.9,21,84.9,60.1,0.00G,999.9,0
20160508,70.7,64.3,1011.2,988.3,9.4,6.6,11.1,22.9,81,66.9,0.00G,999.9,10000
20160509,74.8,65.2,1007.6,984.9,10,6.8,12,22,87.1,66.9,0.11G,999.9,0
20160510,80,70.8,1009.1,986.8,6.5,6.4,12,21,91,73.9,0.00G,999.9,0
20160511,75.3,67.8,1013.8,991.2,8.7,6.3,14,22.9,84.9*,64.4*,0.60G,999.9,10010
20160512,76.5,68.3,1017.1,994.6,9.3,4.3,15,25.1,84,68,0.33G,999.9,10010
20160513,77.9,66,1019.6,996.7,10,3.3,5.1,999.9,87.1,71.1,0.11G,999.9,0
20160514,74.9,68.8,1017,994.4,8.3,2.2,7,999.9,82.0*,66.2*,0.00G,999.9,10010
20160515,66.6,61.1,1017.8,994.6,9.3,2.5,7,999.9,72,62.1,0.77G,999.9,0
20160516,70.4,66.3,1012.5,989.9,6.9,4,8,999.9,78.1*,66.2*,0.49G,999.9,10000
20160517,71.7,66.6,1011.8,989,7.1,4,7,999.9,82,66.9,0.26G,999.9,0
20160518,69.4,61.6,1016.4,993,9.7,6.4,12,27,80.1,64,0.36G,999.9,10010
20160519,65.3,61,1014.8,991.3,7.1,5.3,12,25.1,75.2*,60.8*,0.13G,999.9,10010
20160520,70,61.9,1014.3,991.3,9.3,2.5,6,999.9,82.9,62.1,2.12G,999.9,0
20160521,75.3,68,1015.9,992.7,9.8,3.3,7,999.9,82.9,70,0.00G,999.9,0
20160522,78,71.9,1013.3,990.7,9.7,4,8,15,87.1,72,0.00G,999.9,0
20160523,76.7,71.4,1010.8,988.6,9.1,5.9,12,19,84.9,71.1,0.00G,999.9,10000
20160524,79.6,72.5,1012,989.4,10,6.7,9.9,18.1,87.1,73.9,0.01G,999.9,0
20160525,80.2,74,1013.5,991.2,8.4,5.9,9.9,18.1,86,77,0.00G,999.9,0
20160526,81.2,75,1012.1,989,8.2,5.6,9.9,19,89.1,75,0.00G,999.9,10010
20160527,70.5,67.1,1006.9,984.5,8.6,6.3,9.9,18.1,77,66,0.85G,999.9,10010
20160528,74.8,69.1,1011.1,988.3,7.1,3.5,8.9,15.9,91,64.9,0.02G,999.9,100000
20160529,79.1,70.9,1016.3,993.7,8.9,4.9,9.9,17.1,88,70,0.20G,999.9,10010
20160530,77.6,66.8,1014.6,992.3,9.2,4.6,8.9,15,89.1,66,0.07G,999.9,10010
20160531,76.6,71.5,1011.1,988.6,8.7,3.9,7,999.9,84.9,66.9,0.24G,999.9,10010
20160601,74.4,68.2,1011.2,988.4,7.6,1.2,6,999.9,87.1,68,1.07G,999.9,0
20160602,75.5,68.9,1010.9,988.4,8.3,3.2,8,999.9,84,68,0.44G,999.9,10010
20160603,74.4,64.4,1011.4,988.5,10,1.6,6,999.9,82,66,0.11G,999.9,0
20160604,73.8,67.2,1011.2,988.7,8.6,5.1,9.9,17.1,86,64.9,1.63G,999.9,10010
20160605,76.9,64.5,1011.4,988.7,10,4.8,11.1,18.1,88,68,0.08G,999.9,10000
20160606,79.5,58.1,1010.7,988.1,10,4.1,8,14,90,70,0.00G,999.9,0
20160607,79.5,64.1,1011.5,988.9,10,1.5,4.1,999.9,91.9,69.1,0.00G,999.9,0
20160608,81.6,69.3,1012.2,989.7,9.7,2.1,8.9,999.9,91.9,70,0.00G,999.9,0
20160609,80,70,1012.9,990.3,9.5,3.4,15.9,28.9,91.9,71.1,0.00G,999.9,0
20160610,79.5,70,1013.1,990.8,9.9,3.1,8,999.9,91,69.1,0.00G,999.9,0
20160611,83.4,73.2,1014.1,992,9.5,4.4,8,999.9,93,75.9,0.00G,999.9,0
20160612,84.4,75,1015.2,992.9,9.8,5.2,8,15.9,93.9,77,0.00G,999.9,0
20160613,84,75.1,1013.1,990.9,10,5.1,8.9,17.1,93.9,75.9,0.00G,999.9,0
20160614,84.4,74.4,1010.4,988,10,5,8,999.9,93.9,78.1,0.00G,999.9,0
20160615,85.7,73.5,1011.8,989.4,8.7,5.8,8,17.1,96.1,78.1,0.00G,999.9,0
20160616,84.6,73.2,1013.2,990.9,9.3,5.5,12,19,96.1,75,0.00G,999.9,0
20160617,85.2,72.6,1013,990.6,9.9,5.4,7,14,97,75.9,0.00G,999.9,0
20160618,85.6,73.3,1013.8,991.4,9.6,4.1,6,999.9,96.1,75.9,0.00G,999.9,0
20160619,85.3,72.8,1016.6,994.3,10,3,8,999.9,93.9,77,0.00G,999.9,0
20160620,84.5,71.1,1020.2,997.6,10,3.3,5.1,999.9,95,75,0.00G,999.9,0
20160621,85.4,71.1,1019.3,996.7,10,3.6,8,999.9,96.1,75,0.00G,999.9,0
20160622,85,72,1015.7,993.3,9.7,3.9,8.9,15.9,93.9*,75.2*,0.00G,999.9,0
20160623,84.4,72.1,1015.7,993.4,10,5.8,8.9,19,95,75,0.00G,999.9,0
20160624,83,72.1,1015.8,993.4,10,4.9,8.9,17.1,93,75,0.00G,999.9,0
20160625,81.2,74.4,1015.9,993.3,9.9,5.1,8,15,88,77,0.00G,999.9,10000
20160626,82.4,74,1017.6,994.8,8.9,3.7,8.9,15,95,75.9,0.02G,999.9,10000
20160627,84.5,71.1,1017.6,995.1,10,2.6,6,999.9,96.1,75,0.00G,999.9,0
20160628,82.8,70.1,1016.4,993.8,9.6,2.3,15.9,34,100.9,72,0.00G,999.9,10010
20160629,79.7,70.7,1015.1,992.6,9.8,1.2,5.1,999.9,96.1,71.1,0.33G,999.9,10000
20160630,85.4,71.5,1013.9,991.5,10,2.5,8.9,14,93.9,75.9,0.00G,999.9,0
20160701,84.9,70.9,1014.6,992.2,9.9,3.4,8,999.9,96.1,73.9,0.00G,999.9,0
20160702,86.1,72.9,1014.3,992.1,9.9,5.4,8.9,17.1,98.1,75.9,0.00G,999.9,0
20160703,86.2,73.6,1012.7,990.3,10,7,11.1,21,98.1,78.1,0.00G,999.9,0
20160704,87.7,73.6,1012.1,989.8,10,7,11.1,21,99,80.1,0.00G,999.9,0
20160705,86.9,74.2,1013.3,991.1,9.5,6.7,9.9,17.1,99,79,0.00G,999.9,0
20160706,87.1,73.5,1013.5,991.2,10,7,9.9,22,100,79,0.00G,999.9,0
20160707,86.8,72.8,1012.9,990.6,9.8,7.6,11.1,24.1,99,79,0.00G,999.9,0
20160708,87.2,72.8,1013.6,991.5,10,6.4,11.1,21,100,79,0.00G,999.9,0
20160709,86.8,72.4,1014.8,992.6,9.9,6.3,12,19,99,78.1,0.00G,999.9,0
20160710,85.8,72.8,1013.5,991.1,9.5,5,9.9,20,97,77,0.03G,999.9,10010
20160711,87.3,71.5,1011.6,989.4,10,7.2,9.9,22.9,100,79,0.01G,999.9,0
20160712,86,71.7,1012.3,990,10,8,12,25.1,100,77,0.00G,999.9,0
20160713,88.1,73.2,1014.1,991.8,10,7,9.9,19,100.9,80.1,0.00G,999.9,0
20160714,87.2,72.2,1014.2,992,10,6.1,9.9,17.1,100.9,77,0.00G,999.9,0
20160715,87.9,71.2,1014.1,992,9.9,6.3,9.9,20,100.9,78.1,0.00G,999.9,0
20160716,86.8,70.5,1014.1,991.9,10,4.5,8.9,15.9,100,75.9,0.00G,999.9,0
20160717,87.1,71,1015.6,993.4,10,5.4,9.9,15.9,99.0*,75.2*,0.00G,999.9,0
20160718,87.4,71.4,1017.9,995.6,10,4.8,8,17.1,99,78.1,0.00G,999.9,0
20160719,86.9,72.1,1019.1,996.7,10,5.1,11.1,21,100,77,0.00G,999.9,0
20160720,87.3,71.4,1019.1,996.9,10,3.9,8.9,15,100.9,77,0.00G,999.9,0
20160721,87.6,69.6,1018.5,996.1,10,3.7,8.9,17.1,100.9,75.9,0.00G,999.9,0
20160722,88.7,68.9,1016.8,994.5,10,3.5,8,14,102,75.9,0.00G,999.9,0
20160723,89.1,70.7,1013.7,991.5,10,4.6,8,999.9,100.9,78.1,0.00G,999.9,0
20160724,88.9,72.1,1012.1,989.9,10,4.5,8.9,18.1,100.9,78.1,0.00G,999.9,0
20160725,88.7,72.2,1012.2,990,9.7,3.7,18.1,26,102,78.1,0.00G,999.9,10010
20160726,79.3,74.9,1012.7,990.2,7.4,1.6,7,999.9,91.9*,75.0*,0.76G,999.9,10010
20160727,78.9,73.9,1013,990.7,8.2,2.7,12,22,91.0*,73.4*,0.08G,999.9,110010
20160728,81.7,72.9,1013.9,991.6,9.9,2.8,11.1,24.1,97,75,1.06G,999.9,10010
20160729,82.9,72.3,1014.7,992.4,10,2.8,6,999.9,96.1,73.9,0.00G,999.9,0
20160730,86,72.3,1014.3,992.1,10,3.8,8,15,97.0*,75.2*,0.00G,999.9,0
20160731,86.4,72.6,1014.1,991.8,999.9,5.1,8,14,98.1,78.1,0.00G,999.9,0
20160801,86,69.6,1015.1,992.9,10,5,8.9,17.1,99,75,0.00G,999.9,0
20160802,86,70.8,1016.5,994.1,10,4.8,8.9,18.1,98.1*,75.0*,0.00G,999.9,0
20160803,87.6,72.4,1015.3,992.9,10,3.8,8,999.9,99,75.9,0.00G,999.9,0
20160804,87.6,72.2,1013.1,990.9,10,4.3,7,15.9,99,75.9,0.00G,999.9,0
20160805,87.6,72.5,1012.8,990.6,10,4,8,17.1,100,77,0.00G,999.9,0
20160806,87.8,71.8,1013.2,991,10,4.4,8.9,15.9,100,77,0.00G,999.9,0
20160807,88.3,71.9,1012.4,990.2,10,4.4,8.9,999.9,100,77,0.00G,999.9,0
20160808,88.8,72.3,1011,988.8,10,4.5,7,999.9,100,78.1,0.00G,999.9,0
20160809,89,72.5,1011.2,989,10,5.1,7,17.1,102,79,0.00G,999.9,0
20160810,90.1,72.7,1013,990.8,10,5,8,14,102,81,0.00G,999.9,0
20160811,89.7,73.4,1012.7,990.7,10,4.5,8,999.9,102,78.1,0.00G,999.9,0
20160812,89.5,73.3,1009.4,987.2,9.9,4.3,7,15,105.1,79,0.00G,999.9,0
20160813,85.3,72,1009.7,987.3,9.9,3.4,9.9,15.9,100,78.1,0.00G,999.9,10010
20160814,76.7,75.1,1010.8,988.6,8.2,1.4,8.9,18.1,84,73.9,0.55G,999.9,10010
20160815,72.8,71.9,1014.2,991.7,6.2,2.5,9.9,21,77,71.1,1.42G,999.9,10000
20160816,74.5,73.2,1015.7,992.9,6.8,1.7,7,999.9,82.9,71.1,1.51G,999.9,110010
20160817,76.6,75,1016.9,994.2,7.6,2.5,8.9,14,82.9*,73.9*,1.81G,999.9,10010
20160818,78.1,74.4,1016.8,994.1,9.9,1.7,8.9,15,88,75,0.17G,999.9,10000
20160819,80.8,74.5,1013.1,991.4,8.6,3.6,8.9,15.9,93,73.9,0.17G,999.9,10000
20160820,79,74.9,1011,988.6,9.4,3.9,8,15,89.1,73,0.06G,999.9,10010
20160821,76.2,73.2,1014.1,991,9.3,1.7,6,999.9,82,73,0.79G,999.9,10000
20160822,79.5,74.3,1016.5,993.8,9.2,2.4,7,14,91,75,0.06G,999.9,10000
20160823,84.2,73.6,1018.2,995.7,10,6.3,9.9,18.1,93.9,78.1,0.04G,999.9,0
20160824,83.5,72.3,1018,995.6,9.8,5.4,8,15.9,93,75.9,0.00G,999.9,0
20160825,83,73,1016.7,994.2,9.6,2.7,7,999.9,93.9,73.9,0.00G,999.9,0
20160826,82.1,72.9,1015.4,992.9,10,2.2,9.9,17.1,93,75,0.04G,999.9,0
20160827,81.3,71.6,1014.6,992,9.9,2.2,6,999.9,91.9,72,0.00G,999.9,0
20160828,81.8,71.2,1014.5,992.1,10,3,6,999.9,91.9,73,0.00G,999.9,0
20160829,79,72.2,1014.7,992,9.4,3.5,7,19,91,73.9,0.20G,999.9,10000
20160830,79.8,71.9,1014.8,992.2,10,3.9,8,999.9,91.9,73,0.02G,999.9,0
20160831,82.3,72.3,1013.8,991.2,9.6,1.8,5.1,999.9,93.9,73.9,0.09G,999.9,10000
20160901,84.7,71.9,1013,990.6,9.7,1.8,6,999.9,96.1,75,0.00I,999.9,0
20160902,81.7,71.8,1014.1,991.7,9.5,4,7,999.9,91.9,75,0.00G,999.9,0
20160903,81.3,72.2,1014.3,991.7,8.7,1.9,7,999.9,91.9,73,0.00G,999.9,0
20160904,82.4,73.2,1013.8,991.4,9.3,2.9,7,999.9,93,75,0.00G,999.9,0
20160905,80.2,73.5,1015.3,992.7,9.9,4,8.9,15.9,93.9,73,0.01G,999.9,10010
20160906,82.6,75.7,1017.2,994.7,9.4,5,8.9,22,95,77,0.00G,999.9,10000
20160907,84.5,75.8,1017.7,995.4,9.8,4.9,9.9,17.1,96.1,78.1,0.01G,999.9,10010
20160908,84.7,73.5,1015,992.8,10,5.7,8.9,17.1,95,77,0.00G,999.9,0
20160909,84.2,72.3,1012.9,990.5,10,4.5,8,999.9,95,77,0.00G,999.9,0
20160910,82.2,70.9,1016,993.7,9.8,4.9,15,27,93,71.1,0.00G,999.9,10000
20160911,80.3,66,1019.5,996.7,10,2.7,6,999.9,93,69.1,0.05G,999.9,0
20160912,81.5,68.5,1014.5,991.8,10,1.9,7,999.9,93,70,0.00G,999.9,0
20160913,82.4,71.7,1013.4,991.1,9.8,2.4,5.1,999.9,93.9,73.9,0.00G,999.9,10000
20160914,82.7,71.2,1016,993.4,10,3.1,8.9,15.9,91.9,75.9,0.00G,999.9,10000
20160915,83.3,70.8,1015.4,992.7,9.5,2.2,9.9,14,93.9,72,0.00G,999.9,0
20160916,84.1,71.3,1013,990.6,10,2.1,5.1,999.9,95,75,0.00G,999.9,0
20160917,84.6,72,1013.6,991.1,10,1.7,6,999.9,96.1,73.9,0.00G,999.9,0
20160918,86.2,72.7,1013.6,991.2,10,1.7,5.1,999.9,98.1,75,0.00G,999.9,0
20160919,86.7,72.9,1014.5,992.2,10,2.3,8,999.9,99,75.9,0.00G,999.9,0
20160920,85.8,71.8,1016.2,993.8,10,1.4,5.1,999.9,99,75,0.00G,999.9,0
20160921,84.7,69.8,1015.3,993,9.8,2.6,7,999.9,96.1,77,0.00G,999.9,0
20160922,82.3,66.8,1014.3,991.7,10,2.9,8,999.9,93.9,70,0.00G,999.9,0
20160923,82.3,73.7,1013.3,991.1,9.3,4.7,8.9,17.1,91.9*,75.2*,0.00G,999.9,10000
20160924,82.1,74.4,1013.5,991.1,9.8,5.5,12,18.1,97,77,0.03G,999.9,10010
20160925,78.5,73.4,1013.6,991.2,9.8,3.7,9.9,18.1,88,70,0.01G,999.9,110010
20160926,72.1,69.9,1017.7,994.5,8.4,3.7,9.9,17.1,73.4*,69.1*,1.80G,999.9,10000
20160927,71,62.2,1018.4,995.2,10,4,8,999.9,79.0*,66.2*,0.18G,999.9,0
20160928,74.7,60.7,1017.1,994.1,10,0.9,4.1,999.9,89.1,64.9,0.00G,999.9,0
20160929,73.5,56.7,1020.1,997.1,10,3.8,9.9,15.9,86,63,0.00G,999.9,0
20160930,70.6,51.3,1021.4,998.2,10,2.1,6,999.9,82.9,60.1,0.00G,999.9,0
20161001,68.7,55.6,1018.2,995,10,0.6,4.1,999.9,80.1,59,0.00G,999.9,0
20161002,70.8,57.5,1016.7,993.5,10,1.7,4.1,999.9,84.9,57.9,0.00G,999.9,0
20161003,73.6,60.5,1013.7,990.8,10,1.4,5.1,999.9,87.1,62.1,0.00G,999.9,0
20161004,78.5,66.9,1008.8,986.3,9.7,3.7,9.9,999.9,91,70,0.00G,999.9,0
20161005,81.8,70.9,1010,987.8,10,4.7,8,999.9,91.9,75,0.00G,999.9,0
20161006,82.4,71.4,1011.7,989.4,10,4.6,11.1,19,91.9*,75.2*,0.00G,999.9,0
20161007,78.4,70.7,1015,992.4,9.9,3.8,9.9,20,89.1,70,0.00G,999.9,10000
20161008,69.9,59.1,1021.7,998.5,10,4.9,7,15.9,86,61,0.00G,999.9,0
20161009,71.8,51,1022.9,999.6,10,4.2,6,999.9,84,60.1,0.00G,999.9,0
20161010,66.8,45,1021.7,998.3,10,1.1,4.1,999.9,84,52,0.00G,999.9,0
20161011,69.2,51.3,1019.4,996.1,10,1,5.1,999.9,88,53.1,0.00G,999.9,0
20161012,75.1,61.8,1016.9,994,10,1.7,7,999.9,91,61,0.00G,999.9,0
20161013,79,69.1,1017.8,995.2,9.9,2,6,999.9,89.1,70,0.00G,999.9,0
20161014,74.4,67.2,1018.3,995.8,7.4,2.2,11.1,21,87.1,66.9,0.17G,999.9,110000
20161015,78.8,68.8,1015.7,993.3,10,3.8,8,999.9,91,71.1,0.00G,999.9,0
20161016,81,69.4,1013.5,991.2,10,4.2,8.9,17.1,93.9,75,0.00G,999.9,0
20161017,81.5,69.4,1010.7,988.3,10,4.5,8.9,18.1,93.9,73.9,0.00G,999.9,0
20161018,81.4,69.7,1009.8,987.3,10,4.7,8,14,93,75,0.00G,999.9,0
20161019,82,71,1012.3,989.9,10,4.3,7,15.9,91.9,75.9,0.00G,999.9,0
20161020,77.1,63.3,1016.5,993.9,10,5.4,13,22,86,70,0.00G,999.9,0
20161021,67,45.1,1023.6,1000.2,10,4.4,7,999.9,77,55.9,0.00G,999.9,0
20161022,62.1,44.5,1021.7,998,10,1.5,6,999.9,80.1,46.9,0.00G,999.9,0
20161023,66.3,51.6,1020.8,997.4,10,2,8,999.9,84,55,0.00G,999.9,0
20161024,74.5,62.9,1021.8,998.8,10,3.2,8,999.9,86,66.9,0.00G,999.9,10010
20161025,74.1,63,1021,998.1,9.2,2.8,6,999.9,84.0*,66.2*,0.00G,999.9,0
20161026,74.3,62.2,1019.1,996.2,10,2.3,7,999.9,87.1,64,0.00G,999.9,0
20161027,74.7,62.7,1020.9,997.9,10,2.4,7,999.9,88,64,0.00G,999.9,0
20161028,73.1,59.6,1021.3,998.2,10,1.7,8,999.9,86,61,0.00G,999.9,0
20161029,74,61.8,1019.9,997.1,10,2.8,7,18.1,86,64,0.00G,999.9,0
20161030,74.6,62.7,1019.6,996.6,9.8,2,7,999.9,87.1,64.9,0.00G,999.9,0
20161031,71.5,61,1017.8,994.8,9.2,2.1,7,15,86,60.1,0.00G,999.9,100000
20161101,78.5,68.7,1014.1,991.5,9.7,3.8,7,14,91,72,0.00G,999.9,0
20161102,77.7,72.2,1016,993.5,8.6,5,11.1,19,88,71.1,0.34G,999.9,10010
20161103,74.9,70.2,1020.3,997.6,9.2,4.2,12,22,82.9,68,0.01G,999.9,110010
20161104,70,66.3,1023.8,1000.3,9.1,3.2,5.1,999.9,73,68,1.07G,999.9,0
20161105,69.5,66.2,1022.6,999.4,6.4,1.6,5.1,999.9,72,66.9,0.00G,999.9,10000
20161106,65.1,60.4,1020.3,997.1,9.9,2.4,9.9,15.9,75.9,59,0.24G,999.9,10000
20161107,64.9,64.2,1018.5,995.1,5.2,1.3,5.1,999.9,71.1,61,0.07G,999.9,10000
20161108,66.6,64.3,1020.1,996.7,8.8,2.3,8,999.9,69.1*,62.6*,0.22G,999.9,10010
20161109,63.3,61.4,1022.7,999.3,6.4,5.9,8,999.9,66,62.1,0.47G,999.9,10000
20161110,63.8,56.4,1025.6,1002,9.8,3.2,6,999.9,71.1*,60.1*,0.05G,999.9,0
20161111,62.1,56,1024.3,1000.6,9.1,1.6,5.1,999.9,73.9,55,0.00G,999.9,10000
20161112,64.3,56.9,1023.3,999.6,9.4,2.3,6,999.9,77,57,0.00G,999.9,0
20161113,64.2,54.8,1022.7,999.1,10,1.9,5.1,999.9,75.9,54,0.00G,999.9,0
20161114,65.5,57.7,1018.8,995.5,7.6,1.6,7,999.9,82,55.9,0.00G,999.9,100000
20161115,69.4,56.1,1017.5,994.3,10,2.2,6,999.9,86,59,0.00G,999.9,0
20161116,68.3,51.9,1015.6,992.3,10,1.9,7,999.9,86,55,0.00G,999.9,0
20161117,69.3,58,1012,989.1,9.1,5,8.9,19,82,57.9,0.00G,999.9,0
20161118,70.6,58.1,1016.4,993.2,10,5.8,12,22.9,79,62.1,0.00G,999.9,10000
20161119,53.5,30.3,1033.3,1009.2,10,6.2,9.9,20,63,43,0.00G,999.9,0
20161120,49.2,30.6,1030,1005.4,10,2.2,8,999.9,66.9,35.1,0.00G,999.9,0
20161121,57.3,42.7,1020.7,996.6,10,2.5,8.9,15.9,77,44.1,0.00G,999.9,0
20161122,68.1,60.8,1014.2,990.8,9.8,4.8,8.9,20,75.9*,62.1*,0.00G,999.9,10010
20161123,65.9,57,1018.7,994.7,8.9,3.9,9.9,20,73,52,0.62G,999.9,10010
20161124,58.8,49.7,1022.2,998.3,10,0.8,4.1,999.9,75.9,46,0.13G,999.9,0
20161125,63,58,1024.8,1001.3,9.9,2.3,8,999.9,70,59,0.00G,999.9,10000
20161126,60.3,50.3,1027.6,1003.7,10,1.9,7,999.9,70,53.1,0.03G,999.9,0
20161127,64.7,56.7,1017.8,994,10,3.8,8.9,19,75.9,55.9,0.00G,999.9,0
20161128,72.9,56.1,1002.7,980,10,7.4,14,25.1,79,70,0.00G,999.9,0
20161129,60.8,42.6,1003.2,980.1,10,1.6,6,999.9,79,48.9,0.00G,999.9,0
20161130,59.2,34.7,1013.5,990.2,10,3.8,8.9,14,68,48,0.00G,999.9,0
20161201,51.1,33.1,1019,994.9,10,1.9,9.9,999.9,69.1,37,0.00G,999.9,0
20161202,56.3,46.3,1017.7,993.9,9.8,2.9,6,999.9,64,51.1,0.00G,999.9,10000
20161203,51,48.8,1016.2,992,6.8,4.5,8,15.9,57,48.9,0.57G,999.9,10000
20161204,51,48.4,1014.9,991.2,9.2,5.6,8.9,18.1,53.1,50,0.94G,999.9,10000
20161205,49.6,47.4,1014.1,988.9,7.6,3.5,7,999.9,52,48,0.45G,999.9,10000
20161206,50.4,47,1012,987.8,8,3.3,11.1,19,57.9,43,0.55G,999.9,100000
20161207,47.7,43.9,1018.4,994.4,7.4,1.2,7,999.9,55.9,39,0.00G,999.9,0
20161208,45.9,35.9,1029.3,1004.9,9.9,8.9,12,28,54,37.9,0.00G,999.9,0
20161209,38,19.3,1037.4,1012.1,10,5.6,8.9,18.1,46,33.1,0.00G,999.9,0
20161210,43.4,30.9,1031.2,1006.3,10,1.8,6,999.9,52,35.1,0.00G,999.9,0
20161211,55.5,53.7,1017.5,994.2,4.8,3.8,9.9,20,66.9,50,0.02G,999.9,110000
20161212,56.5,48.8,1016.7,992.9,10,3.3,7,15,66.9,46,0.00I,999.9,0
20161213,61.3,53.6,1015.3,991.5,7.8,2.2,8,14,77,51.1,0.00G,999.9,0
20161214,51.2,44.1,1020.8,996.7,9.5,3.6,9.9,17.1,57,43,0.00G,999.9,0
20161215,50,42.7,1025.7,1002,7.9,3.9,7,999.9,55,45,0.00G,999.9,0
20161216,55.5,48.9,1017.1,992.8,8.2,4.2,7,999.9,66.9,51.1,0.00G,999.9,0
20161217,66.6,62.9,1007.4,983.9,7.5,4.9,8.9,18.1,75.9,63,0.00G,999.9,0
20161218,33.6,17.7,1027.7,1002.7,10,11.1,18.1,27,9999.9,26.1*,0.00G,999.9,0
20161219,31.4,10.3,1038.8,1013.1,10,6.1,9.9,17.1,45,23,0.00G,999.9,0
20161220,42.7,18.3,1033.9,1008.7,10,1.1,4.1,999.9,59,35.1,0.00G,999.9,0
20161221,54.6,28.5,1024,999.7,10,3.5,7,14,71.1,43,0.00G,999.9,0
20161222,57.2,36.9,1023.9,1000.1,10,3.7,8,15.9,68,50,0.00G,999.9,0
20161223,58.3,47,1021,997,7,1,4.1,999.9,68.0*,51.8*,0.00G,999.9,110000
20161224,69.5,65.7,1016.7,993.4,8.5,3.6,9.9,15.9,78.1,64.9,0.01G,999.9,10000
20161225,72.7,65.6,1013.5,990.7,10,8.4,12,28,80.1*,68.0*,0.00G,999.9,0
20161226,74.6,67.5,1016.6,994.2,9.8,4.1,9.9,18.1,84,70,0.00G,999.9,10000
20161227,70.4,59.2,1022.4,999.3,10,1.7,4.1,999.9,77,64.9,0.00G,999.9,0
20161228,70.5,62.1,1018.6,995.5,9,2.1,8.9,15.9,82.9,62.1,0.00G,999.9,0
20161229,63.1,38.5,1024.7,1001.4,10,6.7,14,25.1,77,57,0.00G,999.9,0
20161230,51.4,19.9,1030.3,1005.9,10,3.7,7,999.9,57,48.9,0.00G,999.9,0
20161231,59.3,45.1,1013.9,990.5,10,3.3,7,999.9,77,51.1,0.00G,999.9,10000
20170101,62.5,50.9,1010.6,987.2,8.6,2.5,6,999.9,75,53.1,0.00G,999.9,100000